SKU,Model ID,Month_Year_Manufacturing,Brand_Color,Country_of_Origin,FSN,Material
15346_EAGLE_BLACK_VIV_V23E_5G,15346_EAGLE_BLACK_VIV_V23E_5G,Mar-26,"Black, Transparent",INDIA,ACCGCRFPRUWYDR3K,"Plastic, Rubber, Fiber"
33333_CAMRA-PROTEC_VIV_V25_5G_SNSN,33333_CAMRA-PROTEC_VIV_V25_5G_SNSN,Mar-26,Transparent,INDIA,ACCGQSJ2FZWCFVY2,Silicon
ARMY_BLK_REAL_11PRO_5G,ARMY_BLK_REAL_11PRO_5G,Mar-26,Black,INDIA,ACCGQQ82YG6FTFHJ,"Plastic, Rubber, Fiber"
BUMP_T_PRINT_MAGSF_OPP_RENO_15C_5G_852,BUMP_T_PRINT_MAGSF_OPP_RENO_15c_5G_852,Mar-26,Transparent,INDIA,ACCHH4WTYTDKSDCR,Thermoplastic Polyurethane
CAMERA-PROT_1+10R_5G,CAMER 5G,Mar-26,Transparent,INDIA,ACCGHVE59UTS98ZX,Silicon
CAMERA-PROT_1+NORD_CE2LITE_5G,CAMERA-PROT_1+NORD_CE2LITE_5G,Mar-26,Transparent,INDIA,ACCGHUEZ5U67KKUA,Silicon
CAMERA-PROT_1+NORD_CE2LITE_5G_3216,CAMERA-PROT_1+NORD_CE2LITE_5G_3216,Mar-26,Transparent,INDIA,ACCGHUFSSBYYZ4NG,Silicon
CAMERA-PROT_MI_11TPRO_5G,CAMERA-PROT_MI_11TPRO_5G,Mar-26,Transparent,INDIA,ACCGQHVA8QWGDZHV,Silicon
CAMERA-PROT_MI_12_5G,CAMERA-PROT_MI_12_5G,Mar-26,Transparent,INDIA,ACCGYHS6DPHG2F6Z,Silicon
CAMERA-PROT_MI_13C_4G,CAMERA-PROT_MI_13C_4G,Mar-26,Transparent,INDIA,ACCHYUK4HQ4YZB3T,Silicon
CAMERA-PROT_MI_13C_5G,CAMERA-PROT_MI_13C_5G,Mar-26,Transparent,INDIA,ACCHYUHG8H9FPMZH,Silicon
CAMERA-PROT_MI_13C_5G_POC_M6_5G,CAMERA-PROT_MI_13C_5G_POC_M6_5G,Mar-26,Transparent,INDIA,ACCHYUHUUYEEGY79,Silicon
CAMERA-PROT_MI_NOT9PRO,CAMERA-PROT_NOPO,Mar-26,Transparent,INDIA,ACCG6FZU3HDESC2Z,Silicon
CAMERA-PROT_MI_NOTE10T_5G,CAMERA-PROT_MI_NOTE10T_5G,Mar-26,Transparent,INDIA,ACCGHKAFJPQ6G2DG,Silicon
CAMERA-PROT_MI_POC_C61,CAMERA-PROT_MI_POC_C61,Mar-26,Transparent,INDIA,ACCHYF68EMAVNSGM,Silicon
CAMERA-PROT_MI_POC_C65_5G,CAMERA-PROT_MI_POC_C65_5G,Mar-26,Transparent,INDIA,ACCHYUKJBNGGFZ6F,Silicon
CAMERA-PROT_MI_POC_M6PRO_5G,CAMERA-PROT_MI_POC_M6PRO_5G,Mar-26,Transparent,INDIA,ACCGYHS9AGRZW7CT,Silicon
CAMERA-PROT_MI_POC_X2,CAMERA-PROT_M_PC_X2,Mar-26,Transparent,INDIA,ACCG6JMFCHWTG6KD,Silicon
CAMERA-PROT_ONE_PLUS_CE3LITE_5G_SN,CAMERA-PROT_ONE_PLUS_CE3LITE_5G_SN,Mar-26,Transparent,INDIA,ACCGQZ3ZY74EVNDK,Silicon
CAMERA-PROT_OPO_F21PRO_4G,CAMERA-PROT_OPO_F21PRO_4G,Mar-26,Transparent,INDIA,ACCGH6YGCGVAHH4G,Silicon
CAMERA-PROT_OPP_A5PRO_5G,CAMERA-PROT_OPP_A5PRO_5G,Mar-26,Transparent,INDIA,ACCHFM2Z7ARMY7H3,Silicon
CAMERA-PROT_OPP_F25PRO_5G,CAMERA-PROT_OPP_F25PRO_5G,Mar-26,Transparent,INDIA,ACCHYEE25JP7QKRM,Silicon
CAMERA-PROT_OPP_F25PRO_5G_SN,CAMERA-PROT_OPP_F25PRO_5G_SN,Mar-26,Transparent,INDIA,ACCHYF9HGRFW4NDJ,Silicon
CAMERA-PROT_OPP_F27PRO_PLUS_5G,CAMERA-PROT_OPP_F27PRO_PLUS_5G,Mar-26,Transparent,INDIA,ACCH2W6Q8QU3TYG2,Silicon
CAMERA-PROT_OPP_RENO_11_5G,CAMERA-PROT_OPP_RENO_11_5G,Mar-26,Transparent,INDIA,ACCHFFD7KYHAFTJP,Silicon
CAMERA-PROT_OPP_RENO_13_5G,CAMERA-PROT_OPP_RENO_13_5G,Mar-26,Transparent,INDIA,ACCHFN5ZUFJBYUEF,Silicon
CAMERA-PROT_REAL_11PRO_PLUS_5G,CAMERA-PROT_REAL_11PRO_PLUS_5G,Mar-26,Transparent,INDIA,ACCHFFEQVKWWKZ8D,Silicon
CAMERA-PROT_REAL_12PLUS_5G,CAMERA-PROT_REAL_12PLUS_5G,Mar-26,Transparent,INDIA,ACCHYFA9GFP33DFB,Silicon
CAMERA-PROT_REAL_9I_5G,CAMERA-PROT_REAL_9i_5G,Mar-26,Transparent,INDIA,ACCGQZF2RGMVACUH,Silicon
CAMERA-PROT_REAL_NRZ_20,CAMERA-PROT_REAL_NRZ_20,Mar-26,Transparent,INDIA,ACCG6F39QTANTHZY,Silicon
CAMERA-PROT_REAL_NRZO_70PRO_5G,CAMERA-PROT_REAL_NRZO_70PRO_5G,Mar-26,Transparent,INDIA,ACCHYFBS6RTGVPAS,Silicon
CAMERA-PROT_REAL_P1_5G,CAMERA-PROT_REAL_P1_5G,Mar-26,Transparent,INDIA,ACCHFFG9DY2XJNRJ,Silicon
CAMERA-PROT_REAL_P1_SPEED_5G,CAMERA-PROT_REAL_P1_SPEED_5G,Mar-26,Transparent,INDIA,ACCH93BA2TQYYVFR,Silicon
CAMERA-PROT_REAL_P3_ULTRA_5G,CAMERA-PROT_REAL_P3_ULTRA_5G,Mar-26,Transparent,INDIA,ACCHFZ7R58NBG2UM,Silicon
CAMERA-PROT_REAL_X7,CAMERA-PROT_REAL_X7,Mar-26,Transparent,INDIA,ACCG6GHZ7UGZZBVH,Silicon
CAMERA-PROT_SAM_S23_FE_5G,CAMERA-PROT_SAM_S23_FE_5G,Mar-26,Transparent,INDIA,ACCHFFGJHSYZMWQM,Silicon
CAMERA-PROT_TACNO_SPARK_10_5G,CAMERA-PROT_TACNO_SPARK_10_5G,Mar-26,Transparent,INDIA,ACCHFFH3KHMHP9UZ,Silicon
CAMERA-PROT_TACNO_SPARK_10_5G_SN,CAMERA-PROT_TACNO_SPARK_10_5G_SN,Mar-26,Transparent,INDIA,ACCHFFHCBNE9TP3Y,Silicon
CAMERA-PROT_VIV_T1_44W,CAMERA-PROT_VIV_T1_44W,Mar-26,Transparent,INDIA,ACCGPWDE3FVVBRUA,Silicon
CAMERA-PROT_VIV_T2PRO_5G,CAMERA-PROT_VIV_T2PRO_5G,Mar-26,Transparent,INDIA,ACCGYKCGXEWKZKBT,Silicon
CAMERA-PROT_VIV_T3_5G,CAMERA-PROT_VIV_T3_5G,Mar-26,Transparent,INDIA,ACCH7ZDZH3WVBG7X,Silicon
CAMERA-PROT_VIV_T4R_V50_5G,CAMERA-PROT_VIV_T4R_V50_5G,Mar-26,Transparent,INDIA,ACCHFN9HRYQHEG2M,Silicon
CAMERA-PROT_VIV_V23_5G,CAMERA-PROT_VIV_V23_5G,Mar-26,Transparent,INDIA,ACCGH74P2G7JYNPG,Silicon
CAMERA-PROT_VIV_V25_5G_SN,CAMERA-PROT_VIV_V25_5G_SN,Mar-26,Transparent,INDIA,ACCGPFUFTBHFVRPH,Silicon
CAMERA-PROT_VIV_V27_V27PRO_5G,CAMERA-PROT_VIV_V27_V27PRO_5G,Mar-26,Transparent,INDIA,ACCGPFRGDHRGFSHT,Silicon
CAMERA-PROT_VIV_V27PRO_5G,CAMERA-PROT_VIV_V27PRO_5G,Mar-26,Transparent,INDIA,ACCGPFRAKFWYUHTF,Silicon
CAMERA-PROT_VIV_V30E_5G,CAMERA-PROT_VIV_V30e_5G,Mar-26,Transparent,INDIA,ACCH26FQ6UR56TB2,Silicon
CAMERA-PROT_VIV_X100_5G,CAMERA-PROT_VIV_X100_5G,Mar-26,Transparent,INDIA,ACCHYF9VAPQAZ43Z,Silicon
CAMERA-PROT_VIV_Y28S_5G,CAMERA-PROT_VIV_Y28s_5G,Mar-26,Transparent,INDIA,ACCH7ZC5UNVVTJG9,Silicon
CAMERA-PROT_VIVO_V25_5G,CAMERA-PROT_VIVO_V25_5G_SN,Mar-26,Transparent,INDIA,ACCGQHYNNRVBBMYV,Silicon
CAMER-PROT_SAM_A21S,CAMER-PROT_SAM_A21s,Mar-26,Transparent,INDIA,ACCG6H7YACRNMEB6,Silicon
CAMER-PROT_VIV_Y30,CAMER-PROT_VIV_Y30,Mar-26,Transparent,INDIA,ACCG6H83VBZTZ4TG,Silicon
COFFE_BLACK_MI_13_5G_M6_PIUS_5G,Coffe_Black_MI_13_5G_M6_PIUS_5G,Mar-26,Black,INDIA,ACCH9K2ZNGAVZKC4,Silicon
COFFE_BLACK_MOTO_G34_5G,Coffe_Black_Moto_G34_5G,Mar-26,Black,INDIA,ACCH92JSAWGTTDPW,Silicon
COFFE_BLACK_MOTO_G34_5G_2_0,Coffe_Black_G34_5G_2_0,Mar-26,Black,INDIA,ACCH96ZHGYDZNTC3,Silicon
COFFE_BLACK_MOTO_G45_5G_G34_5G,Coffe_Black_M_G45_5G_G34_5G,Mar-26,Black,INDIA,ACCH92MXC8ZF6GHH,Silicon
COFFE_BLACK_POCO_M6_PLUS_MI_13_5G,Coffe_Black_POCO_M6_PLUS_MI_13_5G,Mar-26,Black,INDIA,ACCH9H76FZNYRNKB,Silicon
COFFE_BLACK_REAL_13PRO_5G,Coffe_Black_REAL_13PRO_5G,Mar-26,Black,INDIA,ACCH98XGKEXMNB4F,Silicon
COFFE_BLACK_REAL_NARZO_70_5G,Coffe_Black_REAL_Narzo_70_5G,Mar-26,Black,INDIA,ACCH97PFVCEZHTEN,Silicon
COFFE_BLACK_REAL_P1_5G,Coffe_Black_REAL_P1_5G,Mar-26,Black,INDIA,ACCH97ZT4F3P8TJM,Silicon
COFFE_BLACK_SAM_M15_5G_PRIME_EDITION,Coffe_Black_SAM_M15_5G_PRIME_EDITION,Mar-26,Black,INDIA,ACCH98YFRD3GY7ZH,Silicon
COFFE_BLK_REALME_C65_5G_12_5G,Coffe_Blk_Realme_C65_5G_12_5G,Mar-26,Black,INDIA,ACCH8VMWFDKUZAMK,Silicon
COFFE_BROWN_MI_13_5G_M6_PIUS_5G,Coffe_BROWN_MI_13_5G_M6_PIUS_5G,Mar-26,Brown,INDIA,ACCH9K2WBZW9HGEG,Silicon
COFFE_BROWN_MI_POC_M6_5G,Coffe_Brown_MI_POC_M6_5G,Mar-26,Brown,INDIA,ACCH9CDAY7FEGSFG,Silicon
COFFE_BROWN_MOTO_G34_5G,Coffe_Brown_Moto_G34_5G,Mar-26,Brown,INDIA,ACCH92JXAJ8QTSN6,Silicon
COFFE_BROWN_MOTO_G45_5G_G34_5G,Coffe_Brown_oto_G45_5G_G34_5G,Mar-26,Brown,INDIA,ACCH92MTMR7NBX7X,Silicon
COFFE_BROWN_OPP_F27_5G_SN,Coffe_Brown_OPP_F27_5G_SN,Mar-26,Brown,INDIA,ACCH9CDJFKUTQCGF,Silicon
COFFE_BROWN_POCO_M6_PLUS_MI_13_5G,Coffe_Brown_POCO_M6_PLUS_MI_13_5G,Mar-26,Brown,INDIA,ACCH9H7YNU8K6TQE,Silicon
COFFE_BROWN_REAL_12PLUS_5G,Coffe_Brown_REAL_12PLUS_5G,Mar-26,Brown,INDIA,ACCH9D7UCEURZNTK,Silicon
COFFE_BROWN_RELME_C65_5G_12_5G,Coffe_Brown_Relme_C65_5G_12_5G,Mar-26,Brown,INDIA,ACCH8VZFGGHCFVTG,Silicon
COFFE_BROWN_RELME_NRZ_70X_5G_12_5G,Coffe_Brown_Relme_NRZ_70x_5G_12_5G,Mar-26,Brown,INDIA,ACCH8VZ8VKV3S9YB,Silicon
COFFE_GREEN_REAL_13PRO_PLUS_5G,Coffe_GREEN_REAL_13PRO_PLUS_5G,Mar-26,Green,INDIA,ACCH9K33XDFNTZRH,Silicon
COFFEE_BLACK_OPO_A3_PRO_5G,COFFEE_BLACK_OPO_A3_PRO_5G,Mar-26,Black,INDIA,ACCH9ZRJJYBRRFXC,Silicon
COFFEE_BLACK_OPO_K12X_5G_A3_PRO_5G,COFFEE_BLACK_K12x_5G_A3_PRO_5G,Mar-26,Black,INDIA,ACCHA66VU3MXGEWG,Silicon
COFFEE_BROWN_OPO_K12X_5G_A3_PRO_5G,COFFEE_BROWN_K12x_5G_A3_PRO_5G,Mar-26,Brown,INDIA,ACCHA66VKZHSMMHX,Silicon
CRYSTAL_MAGSF_WHITE_IQOO_Z10X_5G_VIV_T4X_5G,CRYSTAL_MAGSF_WHITE_IQOO_Z10X_5G_VIV_T4X_5G,Mar-26,Transparent,INDIA,ACCHFTXTQYZ5ESZV,Silicon
CRYSTAL_MAGSF_WHITE_MI_NOTE_14_5G,CRYSTAL_MAGSF_WHITE_MI_NOTE_14_5G,Mar-26,Transparent,INDIA,ACCHHM3Y6PAASF5Z,Silicon
CRYSTAL_MAGSF_WHITE_MOTO_EDGE_50_FUSION_5G,CRYSTAL_MAGSF_WHITE_MOTO_EDGE_50_FUSION_5G,Mar-26,Transparent,INDIA,ACCHFPYVZGHGMAHZ,Plastic
CRYSTAL_MAGSF_WHITE_MOTO_EDGE_50_FUSION_5G_SN,CRYSTAL_MAGSF_WHITE_MOTO_EDGE_50_FUSION_5G_SN,Mar-26,Transparent,INDIA,ACCHFPYXPTF8PVPU,Plastic
CRYSTAL_MAGSF_WHITE_MOTO_EDGE_60_FUSION_5G,CRYSTAL_MAGSF_WHITE_MOTO_EDGE_60_FUSION_5G,Mar-26,Transparent,INDIA,ACCHFPFEKATKBUWP,Plastic
CRYSTAL_MAGSF_WHITE_MOTO_EDGE_60_FUSION_5G_SN,CRYSTAL_MAGSF_WHITE_MOTO_EDGE_60_FUSION_5G_SN,Mar-26,Transparent,INDIA,ACCHFPFGWMKDGH44,Plastic
CRYSTAL_MAGSF_WHITE_MOTO_G96_5G_50_FUSION_5G,CRYSTAL_MAGSF_WHITE_MOTO_G96_5G_50_FUSION_5G,Mar-26,Transparent,INDIA,ACCHFPF58KVMGTUT,Plastic
CRYSTAL_MAGSF_WHITE_MOTO_G96_5G_50_FUSION_5G_SN,CRYSTAL_MAGSF_WHITE_MOTO_G96_5G_50_FUSION_5G_SN,Mar-26,Transparent,INDIA,ACCHFPF7WVCPRVB2,Plastic
CRYSTAL_MAGSF_WHITE_NOTHING_PHONE_3A,CRYSTAL_MAGSF_WHITE_NOTHING_PHONE_3A,Mar-26,Transparent,INDIA,ACCHFPFHUDZBKZAS,Plastic
CRYSTAL_MAGSF_WHITE_NOTHING_PHONE_3A_852,CRYSTAL_MAGSF_WHITE_NOTHING_PHONE_3A_852,Mar-26,Transparent,INDIA,ACCHFPFNYG8JSFE7,Plastic
CRYSTAL_MAGSF_WHITE_ONE_PLUS_13_5G_852,CRYSTAL_MAGSF_WHITE_ONE_PLUS_13_5G_852,Mar-26,Transparent,INDIA,ACCHFPFVZY5DWQME,Plastic
CRYSTAL_MAGSF_WHITE_OPP_F29_5G,CRYSTAL_MAGSF_WHITE_OPP_F29_5G,Mar-26,Transparent,INDIA,ACCHFP65UFUHYPUZ,Plastic
CRYSTAL_MAGSF_WHITE_OPP_F29_PRO_5G,CRYSTAL_MAGSF_WHITE_OPP_F29_PRO_5G,Mar-26,Transparent,INDIA,ACCHFP6GH7ZPKJFU,Plastic
CRYSTAL_MAGSF_WHITE_OPP_F29_PRO_5G_SN,CRYSTAL_MAGSF_WHITE_OPP_F29_PRO_5G_SN,Mar-26,Transparent,INDIA,ACCHFP6GWESF9ARR,Plastic
CRYSTAL_MAGSF_WHITE_OPP_RENO_13_5G,CRYSTAL_MAGSF_WHITE_OPP_RENO_13_5G,Mar-26,Transparent,INDIA,ACCHFP6QS3VCR4YF,Plastic
CRYSTAL_MAGSF_WHITE_OPP_RENO_13_5G_852,CRYSTAL_MAGSF_WHITE_OPP_RENO_13_5G_852,Mar-26,Transparent,INDIA,ACCHFP6WWFGM9UXR,Plastic
CRYSTAL_MAGSF_WHITE_OPP_RENO_13_5G_SN,CRYSTAL_MAGSF_WHITE_OPP_RENO_13_5G_SN,Mar-26,Transparent,INDIA,ACCHFP6SZ57UCKDW,Plastic
CRYSTAL_MAGSF_WHITE_OPP_RENO_14_5G,CRYSTAL_MAGSF_WHITE_OPP_RENO_14_5G,Mar-26,Transparent,INDIA,ACCHFPAS9ZB2C5WB,Plastic
CRYSTAL_MAGSF_WHITE_OPP_RENO_14_5G_852,CRYSTAL_MAGSF_WHITE_OPP_RENO_14_5G_852,Mar-26,Transparent,INDIA,ACCHFPB5MEAVXYVW,Plastic
CRYSTAL_MAGSF_WHITE_OPP_RENO_14_5G_SN,CRYSTAL_MAGSF_WHITE_OPP_RENO_14_5G_SN,Mar-26,Transparent,INDIA,ACCHFPAZ5WCGBHTV,Plastic
CRYSTAL_MAGSF_WHITE_OPP_RENO_14_PRO_5G,CRYSTAL_MAGSF_WHITE_OPP_RENO_14_PRO_5G,Mar-26,Transparent,INDIA,ACCHFPBFHNSBDHHB,Plastic
CRYSTAL_MAGSF_WHITE_OPP_RENO_14_PRO_5G_SN,CRYSTAL_MAGSF_WHITE_OPP_RENO_14_PRO_5G_SN,Mar-26,Transparent,INDIA,ACCHFPBHNUZ3KG3H,Plastic
CRYSTAL_MAGSF_WHITE_OPPO_A5X_5G,CRYSTAL_MAGSF_WHITE_OPPO_A5X_5G,Mar-26,Transparent,INDIA,ACCHHM54PZUGVEMN,Plastic
CRYSTAL_MAGSF_WHITE_REAL_14X_5G_SN,CRYSTAL_MAGSF_WHITE_REAL_14X_5G_SN,Mar-26,Transparent,INDIA,ACCHFPCAFXNXDQ9D,Plastic
CRYSTAL_MAGSF_WHITE_VIV_T4X_5G_852,CRYSTAL_MAGSF_WHITE_VIV_T4X_5G_852,Mar-26,Transparent,INDIA,ACCHFTXNYUACPJGT,Plastic
CRYSTAL_MAGSF_WHITE_VIV_V40E_5G,CRYSTAL_MAGSF_WHITE_VIV_V40e_5G,Mar-26,Transparent,INDIA,ACCHHM6DV5D87YKB,Plastic
CRYSTAL_MAGSF_WHITE_VIV_V40E_5G_852,CRYSTAL_MAGSF_WHITE_VIV_V40e_5G_852,Mar-26,Transparent,INDIA,ACCHHM6FBVJGFXWB,Plastic
CRYSTAL_MAGSF_WHITE_VIV_V50_5G,CRYSTAL_MAGSF_WHITE_VIV_V50_5G,Mar-26,Transparent,INDIA,ACCHFTXY3RJMEGTG,Plastic
CRYSTAL_MAGSF_WHITE_VIV_V50_5G_852,CRYSTAL_MAGSF_WHITE_VIV_V50_5G_852,Mar-26,Transparent,INDIA,ACCHFTYYAM7GZWXG,Plastic
CRYSTAL_MAGSF_WHITE_VIV_V50_5G_SN,CRYSTAL_MAGSF_WHITE_VIV_V50_5G_SN,Mar-26,Transparent,INDIA,ACCHFTYFTVFNUVZR,Plastic
CRYSTAL_MAGSF_WHITE_VIV_V60_5G,CRYSTAL_MAGSF_WHITE_VIV_V60_5G,Mar-26,Transparent,INDIA,ACCHHM6JZDN5AHPT,Plastic
CRYSTAL_MAGSF_WHITE_VIV_V60_5G_852,CRYSTAL_MAGSF_WHITE_VIV_V60_5G_852,Mar-26,Transparent,INDIA,ACCHHM6HSNXASTK8,Plastic
CRYSTAL_MAGSF_WHITE_VIV_V60_5G_SN,CRYSTAL_MAGSF_WHITE_VIV_V60_5G_SN,Mar-26,Transparent,INDIA,ACCHHM6MS4PBVZGX,Plastic
CRYSTAL_MAGSF_WHITE_VIV_X200_FE_5G_852,CRYSTAL_MAGSF_WHITE_VIV_X200_FE_5G_852,Mar-26,Transparent,INDIA,ACCHHM7YAXAYGQ4Q,Plastic
CRYSTAL_MAGSF_WHITE_VIV_X200_FE_5G_SN,CRYSTAL_MAGSF_WHITE_VIV_X200_FE_5G_SN,Mar-26,Transparent,INDIA,ACCHHM7FR9GSZYGB,Plastic
CRYSTAL_MAGSF_WHITE_VIV_Y29_5G,CRYSTAL_MAGSF_WHITE_VIV_Y29_5G,Mar-26,Transparent,INDIA,ACCHFTY9VDQZWYHV,Plastic
CRYSTAL_MAGSF_WHITE_VIV_Y29_5G_SN,CRYSTAL_MAGSF_WHITE_VIV_Y29_5G_SN,Mar-26,Transparent,INDIA,ACCHFTYBNCGGPJKW,Plastic
CRYSTAL_MAGSF_WHITE_VIV_Y300_5G,CRYSTAL_MAGSF_WHITE_VIV_Y300_5G,Mar-26,Transparent,INDIA,ACCHFTYHMKM2HYPA,Plastic
CRYSTAL_MAGSF_WHITE_VIV_Y300_5G_852,CRYSTAL_MAGSF_WHITE_VIV_Y300_5G_852,Mar-26,Transparent,INDIA,ACCHFTYGQRYME99F,Plastic
CRYSTAL_MAGSF_WHITE_VIV_Y300_5G_SN,CRYSTAL_MAGSF_WHITE_VIV_Y300_5G_SN,Mar-26,Transparent,INDIA,ACCHFTYKFVYG9PEZ,Plastic
CRYSTAL_MAGSF_WHITE_VIV_Y39_5G,CRYSTAL_MAGSF_WHITE_VIV_Y39_5G,Mar-26,Transparent,INDIA,ACCHFTYDGWVAPCC5,Plastic
CRYSTAL_MAGSF_WHITE_VIV_Y400_PRO_5G,CRYSTAL_MAGSF_WHITE_VIV_Y400_PRO_5G,Mar-26,Transparent,INDIA,ACCHFTY5BUAXFDSQ,Plastic
CRYSTAL_MAGSF_WHITE_VIV_Y400_PRO_5G_852,CRYSTAL_MAGSF_WHITE_VIV_Y400_PRO_5G_852,Mar-26,Transparent,INDIA,ACCHFTY7G55HHNDG,Plastic
EAGL_BLAK_INFNX_NOTE_40PRO_5G,EAGL_BLAK_INFNX_NOTE_40PRO_5G,Mar-26,"Black, Transparent",INDIA,ACCH3Q7M9PNKGGFT,"Plastic, Rubber, Fiber"
EAGL_BLAK_INFNX_NOTE12,EAGL_BLAK_INFNX_NOTE12,Mar-26,"Black, Transparent",INDIA,ACCGGUWE2ZEBYRPK,"Plastic, Rubber, Fiber"
EAGL_BLAK_INFNX_NOTE12_63,EAGL_BLAKOTE12_63,Mar-26,"Black, Transparent",INDIA,ACCGGXFRHVPGW4AR,"Plastic, Rubber, Fiber"
EAGL_BLAK_IQOO_Z9_5G_852,EAGL_BLAK_IQOO_Z9_5G_852,Mar-26,"Black, Transparent",INDIA,ACCHFFJFF7QZ2MV3,"Plastic, Rubber, Fiber"
EAGL_BLAK_LAVA_BLAZE_2_5G,EAGL_BLAK_LAVA_BLAZE_2_5G,Mar-26,"Black, Transparent",INDIA,ACCH95KDNGZNTTTV,"Plastic, Rubber, Fiber"
EAGL_BLAK_LAVA_BLAZE_2_5G_852,EAGL_BLAK_LAVA_BLAZE_2_5G_852,Mar-26,"Black, Transparent",INDIA,ACCH95KGZXKMQRHA,"Plastic, Rubber, Fiber"
EAGL_BLAK_LAVA_BLAZE_2_5G_SN,EAGL_BLAK_LAVA_BLAZE_2_5G_SN,Mar-26,"Black, Transparent",INDIA,ACCH95KF8JQ7RAGJ,"Plastic, Rubber, Fiber"
EAGL_BLAK_MI_10A_222,EAGL_BLAK___222,Mar-26,"Black, Transparent",INDIA,ACCGHGFTTQ6A2EEW,"Plastic, Rubber, Fiber"
EAGL_BLAK_MOTO_G05,EAGL_BLAK_MOTO_G05,Mar-26,"Black, Transparent",INDIA,ACCHACVBSFZ3DYKQ,"Plastic, Rubber, Fiber"
EAGL_BLAK_MOTO_G85_5G_SN,EAGL_BLAK_MOTO_G85_5G_SN,Mar-26,"Black, Transparent",INDIA,ACCH2W3ZHTFGHHCC,"Plastic, Rubber, Fiber"
EAGL_BLAK_OPO_A16K,EAGL_BLAK_OPO_A16K,Mar-26,"Black, Transparent",INDIA,ACCGE3SK9WEFBFTQ,"Plastic, Rubber, Fiber"
EAGL_BLAK_OPP_A3PRO_5G_SN,EAGL_BLAK_OPP_A3PRO_5G_SN,Mar-26,"Black, Transparent",INDIA,ACCH2W3YZHTW7ASP,"Plastic, Rubber, Fiber"
EAGL_BLAK_OPP_RENO_4PRO_5G,EAGL_BLAK_OPP_RENO_4PRO_5G,Mar-26,"Black, Transparent",INDIA,ACCH6DR2WQHMACH9,"Plastic, Rubber, Fiber"
EAGL_BLAK_OPP_RENO_4PRO_5G_852,EAGL_BLAK_OPP_RENO_4PRO_5G_852,Mar-26,"Black, Transparent",INDIA,ACCH6DR4SFRXJXMW,"Plastic, Rubber, Fiber"
EAGL_BLAK_POC_X4PRO_5G,EAGL_BLAK_POC_X4PRO_5G,Mar-26,"Black, Transparent",INDIA,ACCGFZNFPHFXXBT4,"Plastic, Rubber, Fiber"
EAGL_BLAK_REAL_12_12X_C65_NARZO_70X_5G,EAGL_BLAK_REAL_12_12X_C65_NARZO_70X_5G,Mar-26,"Black, Transparent",INDIA,ACCHF2D63Y3BZBC6,"Plastic, Rubber, Fiber"
EAGL_BLAK_REAL_13PRO_5G,EAGL_BLAK_REAL_13PRO_5G,Mar-26,"Black, Transparent",INDIA,ACCH3MV8YZZHTKUS,"Plastic, Rubber, Fiber"
EAGL_BLAK_REAL_13PRO_5G_852,EAGL_BLAK_REAL_13PRO_5G_852,Mar-26,"Black, Transparent",INDIA,ACCH3NTEWHGHMQMF,"Plastic, Rubber, Fiber"
EAGL_BLAK_REAL_P2PRO_5G_SN,EAGL_BLAK_REAL_P2PRO_5G_SN,Mar-26,"Black, Transparent",INDIA,ACCHACXG5X7XV5SH,"Plastic, Rubber, Fiber"
EAGL_BLAK_REAL_P3X_5G_SN,EAGL_BLAK_REAL_P3X_5G_SN,Mar-26,"Black, Transparent",INDIA,ACCHACWKWBH4ZBYN,"Plastic, Rubber, Fiber"
EAGL_BLAK_SAM_A35_5G_SN,EAGL_BLAK_SAM_A35_5G_SN,Mar-26,"Black, Transparent",INDIA,ACCGZDF4V7MVXWRU,"Plastic, Rubber, Fiber"
EAGL_BLAK_SAM_A55_5G_852,EAGL_BLAK_SAM_A55_5G_852,Mar-26,"Black, Transparent",INDIA,ACCGZTYDRFCAMKZH,"Plastic, Rubber, Fiber"
EAGL_BLAK_TCNO_CAMON_30_5G,EAGL_BLAK_TCNO_CAMON_30_5G,Mar-26,"Black, Transparent",INDIA,ACCH2WYMPX8HBQGD,"Plastic, Rubber, Fiber"
EAGL_BLAK_TCNO_CAMON_30_5G_SN,EAGL_BLAK_TCNO_CAMON_30_5G_SN,Mar-26,"Black, Transparent",INDIA,ACCH2WYMPX8DPZEQ,"Plastic, Rubber, Fiber"
EAGL_BLAK_TCNO_POVA_5PRO_5G,EAGL_BLAK_TCNO_POVA_5PRO_5G,Mar-26,"Black, Transparent",INDIA,ACCGXGW9RZCGFTXH,"Plastic, Rubber, Fiber"
EAGL_BLAK_TCNO_POVA_5PRO_5G_SN,EAGL_BLAK_TCNO_POVA_5PRO_5G_SN,Mar-26,"Black, Transparent",INDIA,ACCGZFVHHM8ZMHDK,"Plastic, Rubber, Fiber"
EAGL_BLAK_TCNO_POVA3,EAGL_BLAK_TCNO_POVA3,Mar-26,"Black, Transparent",INDIA,ACCGHWZP3WXHV5PZ,"Plastic, Rubber, Fiber"
EAGL_BLAK_TCNO_POVA3_852,EAGL_BLAK_TCNO_POVA3_852,Mar-26,"Black, Transparent",INDIA,ACCGHWZPWSFYHAU9,"Plastic, Rubber, Fiber"
EAGL_BLAK_VIV_Y75_4G,EAGL_BLAK_VIV_Y75_4G,Mar-26,"Black, Transparent",INDIA,ACCGEQ3RSKSDTS2X,"Plastic, Rubber, Fiber"
EAGLE_BLACK_MI_NOT10S,EAGLE_BLACK_NOT10S,Mar-26,"Black, Transparent",INDIA,ACCG5XJ7ZDJZW7KM,"Plastic, Rubber, Fiber"
EAGLE_BLACK_MI8A,EAGLE_BLACK_8A,Mar-26,"Black, Transparent",INDIA,ACCG5WJ6MA4UJXZQ,"Plastic, Rubber, Fiber"
EAGLE_BLACK_OPO_REN-2F,EAGLE_BLACK_OPO_REN-2F,Mar-26,"Black, Transparent",INDIA,ACCG5SRTPXCT9YFZ,"Plastic, Rubber, Fiber"
EAGLE_BLACK_OPP_A5S_123,EAGLE_BLACK_OPP_A5S_123,Mar-26,"Black, Transparent",INDIA,ACCGBHUDMMYSDRUP,"Plastic, Rubber, Fiber"
EAGLE_BLACK_REAL_GT-MSTR-EDTN,EAGLE_BLACK_REAL_GT-MSTR-EDTN,Mar-26,"Black, Transparent",INDIA,ACCGAQVAHM79ATHY,"Plastic, Rubber, Fiber"
EAGLE_BLACK_REAL_NRZ50A,EAGLE_BLACK_REAL_NRZ50A,Mar-26,"Black, Transparent",INDIA,ACCGAQXKNYRQJERE,"Plastic, Rubber, Fiber"
EAGLE_BLACK_SAM_A12,EAGLE_BLACK_SAM_A12,Mar-26,"Black, Transparent",INDIA,ACCG7ADJB9XY6WHH,"Plastic, Rubber, Fiber"
EAGLE_BLACK_SAM_A20S,EAGLE_BLACK_SAM_A20S,Mar-26,"Black, Transparent",INDIA,ACCG5VE9VVPYMHZT,"Plastic, Rubber, Fiber"
EAGLE_BLACK_SAM_A21S,EAGLE_BLACK_SAM_A21S,Mar-26,"Black, Transparent",INDIA,ACCG5VE9BK6ZZBC2,"Plastic, Rubber, Fiber"
EAGLE_BLACK_SAM_A70S,EAGLE_BLACK_SAM_A70S,Mar-26,Black,INDIA,ACCG5XGWGHM6PVQB,"Plastic, Rubber, Fiber"
EAGLE_BLACK_SAM_F12,EAGLE_BLACK_SAM_F12,Mar-26,Black,INDIA,ACCG7DTREKWN8JPN,"Plastic, Rubber, Fiber"
EAGLE_BLACK_SAM_M02S,EAGLE_BLACK_SAM_M02S,Mar-26,"Black, Transparent",INDIA,ACCG6TQFMJXV5AK9,"Plastic, Rubber, Fiber"
EAGLE_BLACK_SAM_M12,EAGLE_BLACK_SAM_M12,Mar-26,"Black, Transparent",INDIA,ACCG78ZCEHYV6RYG,"Plastic, Rubber, Fiber"
EAGLE_BLACK_SAM_M21,EAGLE_BLACK_SAM_M21,Mar-26,Black,INDIA,ACCG5XGW8N2WZKBD,"Plastic, Rubber, Fiber"
EAGLE_BLACK_SAM_NOT10LITE,EAGLE_BLACK_SAM_NOT10LITE,Mar-26,"Black, Transparent",INDIA,ACCG5XJ2HHNVZNCF,"Plastic, Rubber, Fiber"
EAGLE_BLACK_VIV_Y31,EAGLE_BLACK_VIV_Y31,Mar-26,"Black, Transparent",INDIA,ACCG5T2H5KAEHUFU,"Plastic, Rubber, Fiber"
EGALE_BLACK_MI_NOTE_12_5G_741,EGALE_BLACKG_741,Mar-26,"Black, Transparent",INDIA,ACCGNMCVC2ZHFYJG,"Plastic, Rubber, Fiber"
EGALE_BLACK_MOTO_E40,EGALE_BLACK_MOTO_E40,Mar-26,"Black, Transparent",INDIA,ACCGZTH5PUXDBBUF,"Plastic, Rubber, Fiber"
EGALE_BLACK_OPP_A78_4G,EGALE_BLACK__A78_4G,Mar-26,Black,INDIA,ACCGVKQGH7VYRSUQ,"Plastic, Rubber, Fiber"
EGL_BLK_OPO_A16K,EGL_BLK_OPO_A16K,Mar-26,"Black, Transparent",INDIA,ACCGE3S9Z4ZZFKZH,"Plastic, Rubber, Fiber"
FRAM_LASS_BLACK_,FRAM_LASS_BLACK_VIV_V40_V40PRO_5G,Mar-26,Black,INDIA,ACCH45NW9YBXBZQG,Plastic
FRAM_LASS_BLACK_IPHONE_11,FRAM_LASS_BLACK_IPHONE_11,Mar-26,Black,INDIA,ACCH95MWHHFYVKS8,Plastic
FRAM_LASS_BLACK_IPHONE_12MINI_SN,FRAM_LASS_BLACK_IPHONE_12MINI_SN,Mar-26,Black,INDIA,ACCH95N9H6FSS6KH,Plastic
FRAM_LASS_BLACK_IPHONE_13,FRAM_LASS_BLACK_IPHONE_13,Mar-26,Black,INDIA,ACCH95NDBFAMVTZY,Plastic
FRAM_LASS_BLACK_IPHONE_14,FRAM_LASS_BLACK_IPHONE_14,Mar-26,Black,INDIA,ACCHY8HAUHU6NRXN,Plastic
FRAM_LASS_BLACK_IPHONE_14PRO,FRAM_ _SN,Mar-26,"Black, Transparent",INDIA,ACCHY8MMUSTFZNGH,Plastic
FRAM_LASS_BLACK_IPHONE_14PRO_MAX,FRAM_LASS_BLACK_IPHONE_14PRO_MAX,Mar-26,Black,INDIA,ACCHY8KFG8ZY8UZN,Plastic
FRAM_LASS_BLACK_IPHONE_14PRO_MAX_SN,FRAM X_SN,Mar-26,"Black, Transparent",INDIA,ACCHY8MMJZCGMTZF,Plastic
FRAM_LASS_BLACK_IPHONE_15,FRAM_LASS_BLACK_IPHONE_15,Mar-26,Black,INDIA,ACCHY8N6ZAMFWPHP,Plastic
FRAM_LASS_BLACK_IPHONE_15_SN,FRAM_LASS_BLACK_NE_15_SN,Mar-26,Black,INDIA,ACCHY8PC9YWAZHNG,Plastic
FRAM_LASS_BLACK_IPHONE_15PLUS_SN,FRAM_LASS_BLACK_IPHONE_15PLUS_SN,Mar-26,Black,INDIA,ACCH95SHAFP7YX3V,Plastic
FRAM_LASS_BLACK_IPHONE_15PRO,FRAM_LASS_BLACK_IPHONE_15PRO,Mar-26,Black,INDIA,ACCHY8HFURZERS7U,Plastic
FRAM_LASS_BLACK_IPHONE_15PRO_MAX,FRAM_LASS_BLACK_IPHONE_15PRO_MAX,Mar-26,Black,INDIA,ACCHY8KZZBGGEJ48,Plastic
FRAM_LASS_BLACK_IPHONE_15PRO_MAX_SN,FRAM,Mar-26,"Black, Transparent",INDIA,ACCHY8MMXCJJGYQJ,Plastic
FRAM_LASS_BLACK_IPHONE_16_852,FRAM_LASS_BLACK_IPHONE_16_852,Mar-26,Black,INDIA,ACCH4ZNRHNTEDK7J,Plastic
FRAM_LASS_BLACK_IPHONE_16_SN,FRAM_LASS_BLACK_IPHONE_16_SN,Mar-26,Black,INDIA,ACCH4ZNKCZWESMDS,Plastic
FRAM_LASS_BLACK_IPHONE_16PLUS,FRAM_LASS_BLACK_IPHONE_16PLUS,Mar-26,Black,INDIA,ACCH4ZNUUZXPNZJU,Plastic
FRAM_LASS_BLACK_IPHONE_16PLUS_SN,FRAM_LASS_BLACK_IPHONE_16PLUS_SN,Mar-26,Black,INDIA,ACCH4ZNWQGBBBZNF,Plastic
FRAM_LASS_BLACK_IPHONE_16PRO_852,FRAM_LASS_BLACK_IPHONE_16PRO_852,Mar-26,Black,INDIA,ACCH4ZZ4ZHGFK76H,Plastic
FRAM_LASS_BLACK_IPHONE_16PRO_MAX,FRAM_LASS_BLACK_IPHONE_16PRO_MAX,Mar-26,Black,INDIA,ACCH4ZZ8EGVJJ9WM,Plastic
FRAM_LASS_BLACK_IPHONE_16PRO_MAX_SN,FRAM_LASS_BLACK_IPHONE_16PRO_MAX_SN,Mar-26,Black,INDIA,ACCH4ZZAK8FEDX6Z,Plastic
FRAM_LASS_BLACK_IPHONE_X_XS,FRAM_LASS_BLACK_IPHONE_X_XS,Mar-26,Black,INDIA,ACCH96STUGHYMZBB,Plastic
FRAM_LASS_BLACK_IPHONE_XS,FRAM_LASS_BLACK_IPHONE_XS,Mar-26,Black,INDIA,ACCH96SVVEHSQH7S,Plastic
FRAM_LASS_BLACK_MI_NOTE_13_5G,FRAM_LASS_BLACK_MI_NOTE_13_5G,Mar-26,"Black, Transparent",INDIA,ACCGZHSHEAYGV9XS,Plastic
FRAM_LASS_BLACK_MI_NOTE_13PRO_5G,FRAM_LASS_BLACK_MI_NOTE_13PRO_5G,Mar-26,"Black, Transparent",INDIA,ACCGZHSHXPSEADWC,Plastic
FRAM_LASS_BLACK_MI_NOTE_13PRO_PLUS_5G_SN,FRAM_LNOTE_13P_SN,Mar-26,Black,INDIA,ACCGZG3CRW8QMTXW,Plastic
FRAM_LASS_BLACK_MI_NOTE_13PRO_POC_X6_5G,K N C_X6_5G,Mar-26,Black,INDIA,ACCGZHT3UZARNECJ,Plastic
FRAM_LASS_BLACK_OPP_RENO6_5G,FRAM_LASS_BLACK_OPP_RENO6_5G,Mar-26,Black,INDIA,ACCH95QJH3PKATNH,Plastic
FRAM_LASS_BLACK_SAM_NOTE_10PLUS_SN,FRAM_LASS_BLACK_SAM_NOTE_10PLUS_SN,Mar-26,Black,INDIA,ACCH95QZFVYMKGQX,Plastic
FRAM_LASS_BLACK_SAM_S23_5G_SN,FRAM_LASS_BLACK_SAM_S23_5G_SN,Mar-26,Black,INDIA,ACCH95RH2H2XNDAE,Plastic
FRAM_LASS_BLACK_SAM_S23ULTRA_5G_SN,FRAM_LASS_BLACK_SAM_S23ULTRA_5G_SN,Mar-26,Black,INDIA,ACCH95RQQEQCA8JW,Plastic
FRAM_LASS_BLACK_SAM_S24ULTRA_5G,FRAM_LASS_BLACK_SAM_S24ULTRA_5G,Mar-26,Black,INDIA,ACCH95RTWBBA2GQA,Plastic
FRAM_LASS_BLACK_SAM_S24ULTRA_5G_SN,FRAM_LASS_BLACK_SAM_S24ULTRA_5G_SN,Mar-26,Black,INDIA,ACCH95RUKHZRKGSR,Plastic
FRAM_LASS_BLACK_VIV_V29_V29PRO_5G,FRAM_LASS_BLACK_VIV_V29_V29PRO_5G,Mar-26,Black,INDIA,ACCH2386FMFKHYFB,Plastic
FRAM_LASS_BLACK_VIV_V29PRO_5G,FRAM_LASS_BLACK_VIV_V29PRO_5G,Mar-26,Black,INDIA,ACCH2383F8KDBQS3,Plastic
FRAM_LASS_BLACK_VIV_V30_5G,FRAM_LASS_BLACK_VIV_V30_5G,Mar-26,"Black, Transparent",INDIA,ACCGZHFW97SGVBPK,Plastic
FRAM_LASS_BLACK_VIV_V30PRO_5G,FRAM_LASS_BLACK_VIV_V30PRO_5G,Mar-26,Black,INDIA,ACCGZH6W3TTXUVX6,Plastic
FRAM_LASS_BLACK_VIV_V40_5G,FRAM_LASS_BLACK_VIV_V40_5G,Mar-26,Black,INDIA,ACCH45X3QPCMUYFK,Plastic
FRAM_LASS_BLACK_VIV_V40PRO_5G,FRAM_LASS_BLACK_VIV_V40PRO_5G,Mar-26,Black,INDIA,ACCH45NZSAXHDZ8Y,Plastic
FRAM_LASS_BLACK_VIV_X200_5G_123,FRAM_LASS_BLACK_VIV_X200_5G_123,Mar-26,Black,INDIA,ACCH8WWHDKHFGMPZ,Plastic
FRAM_LASS_BLACK_VIV_X200_5G_410,FRAM_LASS_BLACK_VIV_X200_5G_410,Mar-26,Black,INDIA,ACCH95MHV7GSK2ZY,Plastic
FRAM_LASS_BLACK_VIV_X200_5G_852,FRAM_LASS_BLACK_VIV_X200_5G_852,Mar-26,Black,INDIA,ACCH95MM3EX8R9YX,Plastic
FRAM_LASS_BLACK_VIV_X200_PRO_5G,FRAM_LASS_BLACK_VIV_X200_PRO_5G,Mar-26,Black,INDIA,ACCH8WVS5FHKYCGA,Plastic
FRAM_LASS_BLACK_VIV_X200PRO_5G_SN,FRAM_LASS_BLACK_VIV_X200PRO_5G_SN,Mar-26,Black,INDIA,ACCH95MME8HUWWBK,Plastic
KAPDA_BLACK_CMF_NOTHING_PHONE_2_PRO_5G,KAPDA_BLACK_CMF_NOTHING_PHONE_2_PRO_5G,Mar-26,Black,INDIA,ACCHC7PW49HN3T5H,"Silicon, Cloth"
KAPDA_BLACK_IQOO_NEO_10R_5G,KAPDA_BLACK_IQOO_NEO_10R_5G,Mar-26,Blue,INDIA,ACCHE2KUHAZPS6JG,"Silicon, Cloth"
KAPDA_BLACK_IQOO_Z9LITE_5G_VIV_T3_LITE_5G,KAPDA_BLACK_IQOO_Z9LITE_5G_VIV_T3_LITE_5G,Mar-26,Black,INDIA,ACCH3REMJ8GCRHFQ,"Silicon, Cloth"
KAPDA_BLACK_IQOO_Z9S_PRO_5G_SN,KAPDA_BLACK_IQOO_Z9s_PRO_5G_SN,Mar-26,Black,INDIA,ACCH7GUFSYJ5DWVH,"Silicon, Cloth"
KAPDA_BLACK_MI_11PRIME_4G,KAPDA_BLACK_MI_11PRIME_4G,Mar-26,Black,INDIA,ACCGPQUWGKPHQDQM,"Silicon, Cloth"
KAPDA_BLACK_MI_12_POC_M6PRO_5G,KAPDA_BLACK_MI_12_POC_M6PRO_5G,Mar-26,Black,INDIA,ACCGTG5HPB9PAZZT,"Silicon, Cloth"
KAPDA_BLACK_MI_13_5G,KAPDA_BLACK_MI_13_5G,Mar-26,Black,INDIA,ACCH3RESKKYDHYYN,"Silicon, Cloth"
KAPDA_BLACK_MI_13_5G_SN,KAPDA_BLACK_MI_13_5G_SN,Mar-26,Black,INDIA,ACCH3REV2ZGC6FMA,"Silicon, Cloth"
KAPDA_BLACK_MI_NOTE12_5G,KAPDA_BLACK_MI_NOTE12_5G,Mar-26,Black,INDIA,ACCGPBCFSZGGYBPC,"Silicon, Cloth"
KAPDA_BLACK_MI_NOTE12_5G_SN,BLACK_M,Mar-26,Black,INDIA,ACCGPBJMUFBZR3QC,"Silicon, Cloth"
KAPDA_BLACK_MI_POC_M6PRO_5G,KAPDA_BLACK_MI_POC_M6PRO_5G,Mar-26,Black,INDIA,ACCGTG5BQ5HBCRFN,"Silicon, Cloth"
KAPDA_BLACK_MI_POC_X5_5G,KAPDA_BLACK_MI_POC_X5_5G,Mar-26,Black,INDIA,ACCGPW2YBSBYFSJS,"Silicon, Cloth"
KAPDA_BLACK_MOTO_EDGE_50FUSION_5G_SN,KAPDA_BLACK_MOTO_EDGE_50FUSION_5G_SN,Mar-26,Black,INDIA,ACCH3RD5BUXYCYZF,"Silicon, Cloth"
KAPDA_BLACK_NOTHINE_CMF_PHONE_1_852,KAPDA_BLACK_NOTHINE_CMF_PHONE_1_852,Mar-26,Black,INDIA,ACCH3RCEMQR8MH9G,"Silicon, Cloth"
KAPDA_BLACK_NOTHING_PHONE _3A_5G,KAPDA_BLACK_Nothing_Phone _3A_5G,Mar-26,Black,INDIA,ACCHC8TVWUYG5YHZ,"Silicon, Cloth"
KAPDA_BLACK_NOTHING_PHONE _3A_5G_RED,KAPDA_BLACK_Nothing_Phone _3A_5G_RED,Mar-26,Black,INDIA,ACCHC8U24QZZJGV6,"Silicon, Cloth"
KAPDA_BLACK_ONE_PLUS_CE3LITE_5G_SN,KAPDA_BLACK_ONE_PLUS_CE3LITE_5G_SN,Mar-26,Black,INDIA,ACCGP5UVNHHFZYHX,"Silicon, Cloth"
KAPDA_BLACK_ONE_PLUS_NORD_2T_5G,PDA_BLACK_ ORD_2T_5G,Mar-26,Black,INDIA,ACCGQVZFFDEJDKHS,"Silicon, Cloth"
KAPDA_BLACK_ONE_PLUS_NORD_CE_4LITE_5G,KAPDA_BLACK_ONE_PLUS_NORD_CE_4LITE_5G,Mar-26,Black,INDIA,ACCH2CBRKB6SNG4Y,"Silicon, Cloth"
KAPDA_BLACK_ONE_PLUS_NORD_CE_4LITE_5G_820,KAPDA_BLACK_ONE_PLUS_NORD_CE_4LITE_5G_820,Mar-26,Black,INDIA,ACCH2YHGNJHMQKDR,"Silicon, Cloth"
KAPDA_BLACK_ONE_PLUS_NORD_CE4_5G,KAPDA_BLACK_ONE_PLUS_NORD_CE4_5G,Mar-26,Black,INDIA,ACCHF2MJ9X7GEBZE,"Silicon, Cloth"
KAPDA_BLACK_ONE_PLUS_NORD_CE4_5G_852,KAPDA_BLACK_ONE_PLUS_NORD_CE4_5G_852,Mar-26,Black,INDIA,ACCHF5YEAJKZRTD3,"Silicon, Cloth"
KAPDA_BLACK_ONE_PLUS_NORD2_5G_852,KAPDA_BLACK_ONE_PLUS_NORD2_5G_852,Mar-26,Black,INDIA,ACCH2GGNRXBYMHAE,"Silicon, Cloth"
KAPDA_BLACK_ONE_PLUS_NORD2_5G_SN,KAPDA_BLACK_ONE_PLUS_NORD2_5G_SN,Mar-26,Black,INDIA,ACCGPBDYCJYBYHRQ,"Silicon, Cloth"
KAPDA_BLACK_OPP_F27PRO_PLUS_5G,KAPDA_BLACK_OPP_F27PRO_PLUS_5G,Mar-26,Black,INDIA,ACCH28KHEZFBK3QY,"Silicon, Cloth"
KAPDA_BLACK_OPP_RENO_13_5G,KAPDA_BLACK_OPP_RENO_13_5G,Mar-26,Black,INDIA,ACCH93DYNHYX4CK4,"Silicon, Cloth"
KAPDA_BLACK_OPPO_F21PRO_5G,KAPDA_BLACK_OPPO_F21PRO_5G,Mar-26,Black,INDIA,ACCGPBEBFN9MXXB2,"Silicon, Cloth"
KAPDA_BLACK_OPPO_F29_5G_RED,KAPDA_BLACK_OPPO_F29_5G_RED,Mar-26,Black,INDIA,ACCHC8UHHBDNPJU2,"Silicon, Cloth"
KAPDA_BLACK_OPPO_RENO_8T_5G,KAPDA_BLACK_OPPO_RENO_8T_5G,Mar-26,Black,INDIA,ACCGPBEFSZTETWYN,"Silicon, Cloth"
KAPDA_BLACK_OPPO_RENO_8T_5G_SN,KAPDA_BLACK_OPPO_RENO_8T_5G_SN,Mar-26,Black,INDIA,ACCGPBE5NT6WCDTZ,"Silicon, Cloth"
KAPDA_BLACK_OPPO_RENO8_5G,_BLACK_OP,Mar-26,Black,INDIA,ACCGPBJ3Y2GVZKZ7,"Silicon, Cloth"
KAPDA_BLACK_POC_M4_5G,KAPDA_BLACK_POC_M4_5G,Mar-26,Black,INDIA,ACCGPQUVA9XPHTYY,"Silicon, Cloth"
KAPDA_BLACK_REA_14X_5G,KAPDA_BLACK_REA_14X_5G,Mar-26,Black,INDIA,ACCH8HPVXZ5FYXQZ,"Silicon, Cloth"
KAPDA_BLACK_REAL_11_11X_NARZO_60X_5G,KAPDA_BLACK_REAL_11_11X_NARZO_60X_5G,Mar-26,Black,INDIA,ACCGTG35YFSJHWPE,"Silicon, Cloth"
KAPDA_BLACK_REAL_11X_5G,KAPDA_BLACK_REAL_11X_5G,Mar-26,Black,INDIA,ACCGTG2ZKBENXVDB,"Silicon, Cloth"
KAPDA_BLACK_REAL_11X_5G_SN,KAPDA_BLACK_REAL_11X_5G_SN,Mar-26,Black,INDIA,ACCGTG2PYGF88JKX,"Silicon, Cloth"
KAPDA_BLACK_REAL_12_12X_C65_NARZO_70X_5G,KAPDA_BLACK_REAL_12_12x_C65_NARZO_70X_5G,Mar-26,Black,INDIA,ACCHF72FAA8EJ4EZ,"Silicon, Cloth"
KAPDA_BLACK_REAL_12X_5G,KAPDA_BLACK_REAL_12X_5G,Mar-26,Black,INDIA,ACCHF5ZA8VFHPJSV,"Silicon, Cloth"
KAPDA_BLACK_REAL_14PRO_5G,KAPDA_BLACK_REAL_14PRO_5G,Mar-26,Black,INDIA,ACCH9QTHNGNMMPMV,"Silicon, Cloth"
KAPDA_BLACK_REAL_C63_5G_SN,KAPDA_BLACK_REAL_C63_5G_SN,Mar-26,Black,INDIA,ACCH6HK9YG8ZVTYH,"Silicon, Cloth"
KAPDA_BLACK_REAL_C65_5G,KAPDA_BLACK_REAL_C65_5G,Mar-26,Black,INDIA,ACCHF6TFGJKAWJRC,"Silicon, Cloth"
KAPDA_BLACK_REAL_GT_6_6T_5G,KAPDA_BLACK_REAL_GT_6_6T_5G,Mar-26,Black,INDIA,ACCH28QPWWBEKQFJ,"Silicon, Cloth"
KAPDA_BLACK_REAL_NARZO_70_5G,KAPDA_BLACK_REAL_NARZO_70_5G,Mar-26,Black,INDIA,ACCHF74ZFSP6FW9S,"Silicon, Cloth"
KAPDA_BLACK_REAL_NRZO_60_5G,KAPDA_BLACK_REAL_NRZO_60_5G,Mar-26,Black,INDIA,ACCGVAZ3HYYGT9GG,"Silicon, Cloth"
KAPDA_BLACK_REAL_P1_5G,KAPDA_BLACK_REAL_P1_5G,Mar-26,Black,INDIA,ACCHF74FQFGPMGG2,"Silicon, Cloth"
KAPDA_BLACK_REALME_10PRO_5G,KAPDA_BLACK_REALME_10PRO_5G,Mar-26,Black,INDIA,ACCGPC4ZYCZ5ZZ56,"Silicon, Cloth"
KAPDA_BLACK_REALME_10PRO_5G_SN,KAPDA_BLACK_RPRO_5G_SN,Mar-26,Black,INDIA,ACCGPCMTXY6FDKGV,"Silicon, Cloth"
KAPDA_BLACK_REALME_P3_5G,KAPDA_BLACK_Realme_P3_5G,Mar-26,Black,INDIA,ACCHC8VWHZYS6KBF,"Silicon, Cloth"
KAPDA_BLACK_SAM_A33_5G,KAPDA_BLACK_SAM_A33_5G,Mar-26,Black,INDIA,ACCGPC5DKKMPFE8Q,"Silicon, Cloth"
KAPDA_BLACK_SAM_A33_5G_852,KAPDA_BLACK_SAM_A33_5G_852,Mar-26,Black,INDIA,ACCH2GGUNXCV4WGH,"Silicon, Cloth"
KAPDA_BLACK_SAM_F14_5G_852,KAPDA_BLACK_SAM_F14_5G_852,Mar-26,Black,INDIA,ACCGP5VWYMQUBNFX,"Silicon, Cloth"
KAPDA_BLACK_SAM_F15_5G,KAPDA_BLACK_SAM_F15_5G,Mar-26,Black,INDIA,ACCHF2NW6FAZDTKB,"Silicon, Cloth"
KAPDA_BLACK_SAM_M32_5G,KAPDA_BLACK_SAM_M32_5G,Mar-26,Black,INDIA,ACCH2HD6XPGSCXHH,"Silicon, Cloth"
KAPDA_BLACK_SAM_S23_5G,KAPDA_BLACK_SAM_S23_5G,Mar-26,Black,INDIA,ACCH6HT5EEWMW9UY,"Silicon, Cloth"
KAPDA_BLACK_SAMSUNG_A34_5G,KAPDA_BLACK_SAMSUNG_A34_5G,Mar-26,Black,INDIA,ACCGQVZSGKNV7ZY3,"Silicon, Cloth"
KAPDA_BLACK_VIV_T2PRO_5G,KAPDA_BLACK_VIV_T2PRO_5G,Mar-26,Blue,INDIA,ACCHE3NF9ZHPYYVG,"Silicon, Cloth"
KAPDA_BLACK_VIV_T2X_5G,KAPDA_BLACK_VIV_T2X_5G,Mar-26,Black,INDIA,ACCGPW44GWS5EKGF,"Silicon, Cloth"
KAPDA_BLACK_VIV_T3_5G,KAPDA_BLACK_VIV_T3_5G,Mar-26,Black,INDIA,ACCGZFXN5YGGSZF2,"Silicon, Cloth"
KAPDA_BLACK_VIV_T3PRO_5G_SN,KAPDA_BLACK_VIV_T3PRO_5G_SN,Mar-26,Black,INDIA,ACCH7GTEQAGBDUUW,"Silicon, Cloth"
KAPDA_BLACK_VIV_T3X_5G_852,KAPDA_BLACK_VIV_T3X_5G_852,Mar-26,Black,INDIA,ACCHF87XYVXY5FNR,"Silicon, Cloth"
KAPDA_BLACK_VIV_T3X_5G_SN,KAPDA_BLACK_VIV_T3X_5G_SN,Mar-26,Black,INDIA,ACCHF87WKJNYSE6B,"Silicon, Cloth"
KAPDA_BLACK_VIV_T4_5G,KAPDA_BLACK_VIV_T4_5G,Mar-26,Black,INDIA,ACCHC8RZSYEXGZM9,"Silicon, Cloth"
KAPDA_BLACK_VIV_V29E_5G,KAPDA_BLACK_VIV_V29E_5G,Mar-26,Black,INDIA,ACCGTG6VUHRHCK5Y,"Silicon, Cloth"
KAPDA_BLACK_VIV_V29PRO_5G,KAPDA_BLACK_VIV_V29PRO_5G,Mar-26,Black,INDIA,ACCGV9RFB7UEDZDG,"Silicon, Cloth"
KAPDA_BLACK_VIV_V30E_5G_852,KAPDA_BLACK_VIV_V30E_5G_852,Mar-26,Black,INDIA,ACCHF88MKDGDHZZW,"Silicon, Cloth"
KAPDA_BLACK_VIV_V30E_5G_SN,KAPDA_BLACK_VIV_V30E_5G_SN,Mar-26,Black,INDIA,ACCHF88HPTAZTF9Z,"Silicon, Cloth"
KAPDA_BLACK_VIV_V40E_5G,KAPDA_BLACK_VIV_V40e_5G,Mar-26,Black,INDIA,ACCH6GZGCCPUAHUH,"Silicon, Cloth"
KAPDA_BLACK_VIV_V40E_5G_SN,KAPDA_BLACK_VIV_V40e_5G_SN,Mar-26,Black,INDIA,ACCH7RJSPFKMCFYB,"Silicon, Cloth"
KAPDA_BLACK_VIV_V50_5G,KAPDA_BLACK_VIV_V50_5G,Mar-26,Black,INDIA,ACCH9QVVDAZKF7E3,"Silicon, Cloth"
KAPDA_BLACK_VIV_Y16_Y56_T2X_5G,KAPDA_BLACK_VIV_Y16_Y56_T2X_5G,Mar-26,Black,INDIA,ACCGPW4ZSNXZHS6J,"Silicon, Cloth"
KAPDA_BLACK_VIV_Y20,KAPDA_BLACK_VIV_Y20,Mar-26,Black,INDIA,ACCGYMUSMKYZUMSH,"Silicon, Cloth"
KAPDA_BLACK_VIV_Y200_PRO_5G,KAPDA_BLACK_VIV_Y200_PRO_5G,Mar-26,Black,INDIA,ACCH2F7HGSHHAYSZ,"Silicon, Cloth"
KAPDA_BLACK_VIV_Y200E_5G,KAPDA_BLACK_VIV_Y200e_5G,Mar-26,Black,INDIA,ACCGZNGRMSZMJWHP,"Silicon, Cloth"
KAPDA_BLACK_VIV_Y27_4G,KAPDA_BLACK_VIV_Y27_4G,Mar-26,Black,INDIA,ACCGVARJDYVWVFKC,"Silicon, Cloth"
KAPDA_BLACK_VIV_Y29_5G,KAPDA_BLACK_VIV_Y29_5G,Mar-26,Black,INDIA,ACCH8HSNGUE2YCB3,"Silicon, Cloth"
KAPDA_BLACK_VIV_Y300_5G,KAPDA_BLACK_VIV_Y300_5G,Mar-26,Black,INDIA,ACCH8HSSECNZNWUM,"Silicon, Cloth"
KAPDA_BLACK_VIV_Y400_5G,KAPDA_BLACK_VIV_Y400_5G,Mar-26,Blue,INDIA,ACCHGABG9ZDQZNDW,"Silicon, Cloth"
KAPDA_BLACK_VIV_Y400_PRO_5G,KAPDA_BLACK_VIV_Y400_PRO_5G,Mar-26,Blue,INDIA,ACCHEFN9KZMEEXVD,"Silicon, Cloth"
KAPDA_BLACK_VIVO_T1PRO_5G,KAPDA_BLACK_VIVO_T1PRO_5G,Mar-26,Black,INDIA,ACCGPC76QXUT4C4C,"Silicon, Cloth"
KAPDA_BLACK_VIVO_V27_5G,KAPDA_BLACK_VIVO_V27_5G,Mar-26,Black,INDIA,ACCGPB4PGEP3ZQGS,"Silicon, Cloth"
KAPDA_BLACK_VIVO_V29E_5G_NEW,KAPDA_BLACK_VIVO_V29e_5G_NEW_SN,Mar-26,Black,INDIA,ACCH8HS9Y2XBHTGG,"Silicon, Cloth"
KAPDA_GREEN_INFNX_HOT_20PLAY_7410,KAPDA_GREEN_INFNX_HOT_20PLAY_7410,Mar-26,Green,INDIA,ACCGP8YKGPPVUMZY,"Silicon, Cloth"
KAPDA_GREEN_MI_11PRIME_4G,KAPDA_GREEN_MI_11PRIME_4G,Mar-26,Green,INDIA,ACCGPRY9XTWUHTVV,"Silicon, Cloth"
KAPDA_GREEN_MOTO_G35_5G_SN,KAPDA_GREEN_MOTO_G35_5G_SN,Mar-26,Green,INDIA,ACCH8ZYBJAGM58FQ,"Silicon, Cloth"
KAPDA_GREEN_NOTHING_PHONE_(1)_SN,KAPDA_GREEN_NOTHING_PHONE_(1)_SN,Mar-26,Green,INDIA,ACCGPD8FSVRTGHZA,"Silicon, Cloth"
KAPDA_GREEN_ONE_PLUS_NORD_CE_3LITE_5G,KAPDA_GREEN_ONE_PLUS_NORD_CE_3LITE_5G,Mar-26,Green,INDIA,ACCGXRZTWDKY9ZEC,"Silicon, Cloth"
KAPDA_GREEN_ONE_PLUS_NORD_CE_4LITE_5G_852,KAPDA_GREEN_ONE_PLUS_NORD_CE_4LITE_5G_852,Mar-26,Green,INDIA,ACCH2YNFHACEXCV4,"Silicon, Cloth"
KAPDA_GREEN_ONE_PLUS_NORD_CE4_5G,KAPDA_GREEN_ONE_PLUS_NORD_CE4_5G,Mar-26,Green,INDIA,ACCHF4WHGYEA2SKQ,"Silicon, Cloth"
KAPDA_GREEN_OPP_F27PRO_PLUS_5G,KAPDA_GREEN_OPP_F27PRO_PLUS_5G,Mar-26,Green,INDIA,ACCH28RVKZE4JDYT,"Silicon, Cloth"
KAPDA_GREEN_OPPO_RENO8_5G,KAPDA_GREEN_OPPO_RENO8_5G,Mar-26,Green,INDIA,ACCGPDH7QH5RNPNF,"Silicon, Cloth"
KAPDA_GREEN_OPPO_RENO8T_5G,KAPDA_GREEN_OPPO_RENO8T_5G,Mar-26,Green,INDIA,ACCGPEHM8GRJBEY6,"Silicon, Cloth"
KAPDA_GREEN_OPPO_RENO8T_5G_SN,KAPDA_GREEN_OPPO_RENO8T_5G_SN,Mar-26,Green,INDIA,ACCGPEGYQ2GMNTK9,"Silicon, Cloth"
KAPDA_GREEN_POC_M4_5G,KAPDA_GREEN_POC_M4_5G,Mar-26,Green,INDIA,ACCGPRY6NDZFHBEK,"Silicon, Cloth"
KAPDA_GREEN_POC_X5_5G,KAPDA_GREEN_POC_X5_5G,Mar-26,Green,INDIA,ACCGPWCYMPUZU5UN,"Silicon, Cloth"
KAPDA_GREEN_REAL_11PRO_11PRO_PLUS_5G_SN,KAPDA_GREEN_REAL_11PRO_11PRO_PLUS_5G_SN,Mar-26,Green,INDIA,ACCGRDWFA8HTQFB6,"Silicon, Cloth"
KAPDA_GREEN_REAL_11X_5G_SN,KAPDA_GREEN_REAL_11X_5G_SN,Mar-26,Green,INDIA,ACCGTGW3HHZ5P77Z,"Silicon, Cloth"
KAPDA_GREEN_REAL_12PRO_PLUS_5G,KAPDA_GREEN_REAL_12PRO_PLUS_5G,Mar-26,Green,INDIA,ACCGYTBXXHCHVEKY,"Silicon, Cloth"
KAPDA_GREEN_REAL_C63_5G_SN,KAPDA_GREEN_REAL_C63_5G_SN,Mar-26,Green,INDIA,ACCH7MY78Y3RMEBM,"Silicon, Cloth"
KAPDA_GREEN_REAL_C65_5G,KAPDA_GREEN_REAL_C65_5G,Mar-26,Green,INDIA,ACCHFKHKPQGNNJF7,"Silicon, Cloth"
KAPDA_GREEN_REAL_NARZO_70_5G,KAPDA_GREEN_REAL_NARZO_70_5G,Mar-26,Green,INDIA,ACCHFH5AWAXQSYZB,"Silicon, Cloth"
KAPDA_GREEN_REAL_P1_5G,KAPDA_GREEN_REAL_P1_5G,Mar-26,Green,INDIA,ACCHFH53WEZUVPTZ,"Silicon, Cloth"
KAPDA_GREEN_REALME_10PRO_5G,KAPDA_GREEN_REALME_10PRO_5G,Mar-26,Green,INDIA,ACCGPEGSGPHRRQ6U,"Silicon, Cloth"
KAPDA_GREEN_REALME_10PRO_5G_SN,KA _1 RO_5G_SN,Mar-26,Green,INDIA,ACCGPEHFVPUUHCNY,"Silicon, Cloth"
KAPDA_GREEN_REALME_10PRO_PLUS_5G,KAPDA_GREEN_REALME_10PRO_PLUS_5G,Mar-26,Green,INDIA,ACCGPEGYMNNWHJHZ,"Silicon, Cloth"
KAPDA_GREEN_REALME_10PRO_PLUS_5G_SN,KAPDA_GREEN_REALME_10PRO_PLUS_5G_SN,Mar-26,Green,INDIA,ACCGPEJYZDH4D64A,"Silicon, Cloth"
KAPDA_GREEN_SAM_F15_5G,KAPDA_GREEN_SAM_F15_5G,Mar-26,Green,INDIA,ACCHF4WMBMW4ATXU,"Silicon, Cloth"
KAPDA_GREEN_SAM_S23_5G_SN,KAPDA_GREEN_SAM_S23_5G_SN,Mar-26,Green,INDIA,ACCH7HZNFQASGRS3,"Silicon, Cloth"
KAPDA_GREEN_VIV_T2X_5G,KAPDA_GREEN_VIV_T2X_5G,Mar-26,Green,INDIA,ACCGPWCHE4QFPEAQ,"Silicon, Cloth"
KAPDA_GREEN_VIV_T3PRO_5G,KAPDA_GREEN_VIV_T3PRO_5G,Mar-26,Green,INDIA,ACCH7JY2DQWJGEHE,"Silicon, Cloth"
KAPDA_GREEN_VIV_V27PRO_5G,KAPDA_GREEN_VIV_V27PRO_5G,Mar-26,Green,INDIA,ACCGNNCTK825QUXZ,"Silicon, Cloth"
KAPDA_GREEN_VIV_V40_5G,KAPDA_GREEN_VIV_V40_5G,Mar-26,Green,INDIA,ACCH4JZ4HCQ5ZHZP,"Silicon, Cloth"
KAPDA_GREEN_VIV_V40E_5G_SN,KAPDA_GREEN_VIV_V40e_5G_SN,Mar-26,Green,INDIA,ACCH7SKBPJDZH7EW,"Silicon, Cloth"
KAPDA_GREEN_VIV_V50_5G,KAPDA_GREEN_VIV_V50_5G,Mar-26,Green,INDIA,ACCH9RSKEGHMTBB5,"Silicon, Cloth"
KAPDA_GREEN_VIV_Y200_PRO_5G,KAPDA_GREEN_VIV_Y200_PRO_5G,Mar-26,Green,INDIA,ACCH23FFCK7ZGKHJ,"Silicon, Cloth"
KAPDA_GREEN_VIV_Y200E_5G,KAPDA_GREEN_VIV_Y200e_5G,Mar-26,Green,INDIA,ACCGZPZFQ9X3ZQXV,"Silicon, Cloth"
KAPDA_GREEN_VIV_Y27_4G,KAPDA_GREEN_VIV_Y27_4G,Mar-26,Green,INDIA,ACCGV6JPE8WZPYXP,"Silicon, Cloth"
KAPDA_GREEN_VIV_Y29_5G,KAPDA_GREEN_VIV_Y29_5G,Mar-26,Green,INDIA,ACCH8ZZZNY7BNCZA,"Silicon, Cloth"
KAPDA_GREEN_VIV_Y300_5G,KAPDA_GREEN_VIV_Y300_5G,Mar-26,Green,INDIA,ACCH8NYX5EGY5H5A,"Silicon, Cloth"
KAPDA_GREEN_VIV_Y400_PRO_5G,KAPDA_GREEN_VIV_Y400_PRO_5G,Mar-26,Green,INDIA,ACCHEGRWMDBQPXHE,"Silicon, Cloth"
KAPDA_GREEN_VIV_Y400_PRO_5G_SN,KAPDA_GREEN_VIV_Y400_PRO_5G_SN,Mar-26,Green,INDIA,ACCHEGRXTTACHHHA,"Silicon, Cloth"
KAPDA_GREEN_VIVO_V27_5G,KAPDA_GREEN_VIVO_V27_5G,Mar-26,Green,INDIA,ACCGPFQ2YGJR6QQW,"Silicon, Cloth"
KAPDA_GREEN_Y56_5G,KAPDA_GREEN_Y56_5G,Mar-26,Green,INDIA,ACCGPWCFH26VKNFN,"Silicon, Cloth"
KPDA_BLACK_MI_NOTE_12_5G,KPDA_BLACK_MI_NOTE_12_5G,Mar-26,Black,INDIA,ACCGMMUSJB5HZB5Y,"Silicon, Cloth"
KPDA_BLACK_MI_NOTE_12_PRO_5G,KPDA_BLACK_MI_NOTE_12_PRO_5G,Mar-26,Black,INDIA,ACCGMMUYZ32FE5U3,"Silicon, Cloth"
KPDA_BLACK_MI_NOTE10S,KPDA_BLACK_,Mar-26,Black,INDIA,ACCGHTHR6CC8Y8Z3,"Silicon, Cloth"
KPDA_BLACK_OPP_A78_5G,KPDA_BLACK_OPP_A78_5G,Mar-26,Black,INDIA,ACCGMJAZ2XVKVBGF,"Silicon, Cloth"
KPDA_BLACK_OPP_F21SPRO_5G,KPDA_BLACK_OPP_F21sPRO_5G,Mar-26,Black,INDIA,ACCGMFXJKXRZBWTW,"Silicon, Cloth"
KPDA_BLACK_REAL_10PRO+_5G_SN,KPDA_BLACK_REAL_10PRO+_5G_SN,Mar-26,Black,INDIA,ACCGMFXBDRG9P9FN,"Silicon, Cloth"
KPDA_BLACK_VIV_V23PRO_5G,KPDA_BLACK_VIV_V23PRO_5G,Mar-26,Black,INDIA,ACCGH4VGCW5GN76V,"Silicon, Cloth"
KPDA_BLACK_VIV_V25_5G_SN,KPDA_BLACK_VIV_V25_5G_SN,Mar-26,Black,INDIA,ACCGHG6ZRUKHEZKU,"Silicon, Cloth"
KPDA_BLACK_VIV_Y16_SN,KPDA_BLACK_VIV_Y16_SN,Mar-26,Black,INDIA,ACCGHG7GUA86HVS8,"Silicon, Cloth"
KPDA_BLK_SAM_A12,KPDA_BLK_SAM_A12,Mar-26,Black,INDIA,ACCGG4YTAYU9HZNY,"Silicon, Cloth"
KPDA_BLK_SAM_A13_4G,KPDA_BLK_SAM_A13_4G,Mar-26,Black,INDIA,ACCGFZZHVJJDZKWZ,"Silicon, Cloth"
KPDA_BLK_SAM_M12,KPDA_BLK_SAM_M12,Mar-26,Black,INDIA,ACCGG5FZTRGUZ8NC,"Silicon, Cloth"
KPDA_BLK_VIV_V23_5G,23_5G_7654,Mar-26,Black,INDIA,ACCGEQYCYDVCCNQR,"Silicon, Cloth"
KPDA_BLK_VIV_V23E_5G_Y75_4G_741,KPDA_BLK_VIV_V23E_5G_Y75_4G_741,Mar-26,Black,INDIA,ACCGG5HGHJKGDJPF,"Silicon, Cloth"
KPDA_BLK_VIV_Y75_4G_852,KPDA_BLK_VIV_Y75_4G_852,Mar-26,Black,INDIA,ACCGG5ZKASGV8UKR,"Silicon, Cloth"
KPDA_BLUE_IQOO_Z10_5G_VIV_T4_5G_SN,KPDA_BLUE_IQOO_Z10_5G_VIV_T4_5G_SN,Mar-26,Blue,INDIA,ACCHCGV6KPUFCCNC,"Silicon, Cloth"
KPDA_BLUE_IQOO_Z9S_PRO_5G,KPDA_BLUE_IQOO_Z9s_PRO_5G,Mar-26,Blue,INDIA,ACCH7JYXPQZZF7Y7,"Silicon, Cloth"
KPDA_BLUE_ITEL_VISION_1PRO_5G,KPDA_BLUE_ITEL_VISION_1PRO_5G,Mar-26,Blue,INDIA,ACCH28VBFSZMZH9E,"Silicon, Cloth"
KPDA_BLUE_MI_11PRIME_4G,KPDA_BLUE_MI_11PRIME_4G,Mar-26,Blue,INDIA,ACCGPQXZTHUC2MZF,"Silicon, Cloth"
KPDA_BLUE_MI_NOTE_12_5G_563,KPDA_BLUE_MI_NOTE_12_5G_563,Mar-26,Blue,INDIA,ACCGMMUBXSS8MUCD,"Silicon, Cloth"
KPDA_BLUE_MI_NOTE_12PRO_12PRO_PLUS_5G,KPDA_BLUE_MI_NOTE_12PRO_12PRO_PLUS_5G,Mar-26,Blue,INDIA,ACCGMMUJGU5YUYCJ,"Silicon, Cloth"
KPDA_BLUE_MI_NOTE_12PRO_PLUS_5G,KPDA_BLUE_MI_NOTE_12PRO_PLUS_5G,Mar-26,Blue,INDIA,ACCGPCCEFD9GAJVP,"Silicon, Cloth"
KPDA_BLUE_MI_NOTE_12PRO_PLUS_5G_SN,KPDA_BLUE_MI_NOTE_12PRO_PLUS_5G_SN,Mar-26,Blue,INDIA,ACCGPCGK2445DGGB,"Silicon, Cloth"
KPDA_BLUE_MI_NOTE_13PRO_PLUS_5G_SN,KPDA_BLUE_MI_NOTE_13PRO_PLUS_5G_SN,Mar-26,Blue,INDIA,ACCGZZC74X2MGEPN,"Silicon, Cloth"
KPDA_BLUE_MI_POC_M4_5G,KPDA_BLUE_MI_POC_M4_5G,Mar-26,Blue,INDIA,ACCGPQXXBF8TNCZM,"Silicon, Cloth"
KPDA_BLUE_MOTO_EDGE_50_NEO_5G_SN,KPDA_BLUE_MOTO_EDGE_50_NEO_5G_SN,Mar-26,Blue,INDIA,ACCH8MUKSZZP9G8U,"Silicon, Cloth"
KPDA_BLUE_NOTHING_PHONE_(1),KPDA_BLUE_,Mar-26,Blue,INDIA,ACCGPCDVCKSEBYUX,"Silicon, Cloth"
KPDA_BLUE_NOTHING_PHONE_(1)_SN,KPDA_BLUE_NOTHING_PHONE_(1)_SN,Mar-26,Blue,INDIA,ACCGPCCQGH6XKFY3,"Silicon, Cloth"
KPDA_BLUE_ONE_PLUS_NORD_CE_4LITE_5G,KPDA_BLUE_ONE_PLUS_NORD_CE_4LITE_5G,Mar-26,Blue,INDIA,ACCH2CBYGUBQAGAH,"Silicon, Cloth"
KPDA_BLUE_ONE_PLUS_NORD_CE_4LITE_5G_852,KPDA_BLUE_ONE_PLUS_NORD_CE_4LITE_5G_852,Mar-26,Blue,INDIA,ACCH2YMZZCYBTGPT,"Silicon, Cloth"
KPDA_BLUE_ONE_PLUS_NORD_CE4_5G,KPDA_BLUE_ONE_PLUS_NORD_CE4_5G,Mar-26,Blue,INDIA,ACCHF4ZHGWXFWZXH,"Silicon, Cloth"
KPDA_BLUE_ONE_PLUS_NORD_CE4_5G_852,KPDA_BLUE_ONE_PLUS_NORD_CE4_5G_852,Mar-26,Blue,INDIA,ACCHFCH7SCYYUHWT,"Silicon, Cloth"
KPDA_BLUE_ONE_PLUS_NORD_CE4_5G_SN,KPDA_BLUE_ONE_PLUS_NORD_CE4_5G_SN,Mar-26,Blue,INDIA,ACCHF4ZWSNCBHKFC,"Silicon, Cloth"
KPDA_BLUE_ONE_PLUS_NORD2_5G_SN,KPDA_BLUE_ONE_PLUS_NORD2_5G_SN,Mar-26,Blue,INDIA,ACCH2GCFVNV27ZKF,"Silicon, Cloth"
KPDA_BLUE_OPP_A78_5G,KPDA_BLUE_OPP_A78_5G,Mar-26,Blue,INDIA,ACCGMHGX7SFWCPSU,"Silicon, Cloth"
KPDA_BLUE_OPP_A78_5G_123,KPDA_BLUE_OPP_A78_5G_123,Mar-26,Blue,INDIA,ACCGMHJJ5HWZQ82X,"Silicon, Cloth"
KPDA_BLUE_OPP_F21PRO_5G,KPDA_BLUE_OPP_F21PRO_5G,Mar-26,Blue,INDIA,ACCGPCDTNKV4UA5J,"Silicon, Cloth"
KPDA_BLUE_OPP_K13_5G,KPDA_BLUE_OPP_K13_5G,Mar-26,Blue,INDIA,ACCHEFTWAEBWCC9H,"Silicon, Cloth"
KPDA_BLUE_OPP_RENO_13_5G,KPDA_BLUE_OPP_RENO_13_5G,Mar-26,Blue,INDIA,ACCH93DZPSZ7ZNYN,"Silicon, Cloth"
KPDA_BLUE_OPPO_RENO8_5G,KPDA_BLUE_OPPO_RENO8_5G,Mar-26,Blue,INDIA,ACCGPCE6K9WRJYTK,"Silicon, Cloth"
KPDA_BLUE_OPPO_RENO8T_5G,KPDA_BLUE_OPPO_RENO8T_5G,Mar-26,Blue,INDIA,ACCGPCECYQBR5ZH9,"Silicon, Cloth"
KPDA_BLUE_OPPO_RENO8T_5G_SN,KPDA_BLUE_OPPO_RENO8T_5G_SN,Mar-26,Blue,INDIA,ACCGPCEE7GPGWE4G,"Silicon, Cloth"
KPDA_BLUE_REAL_10PRO+_5G,KPDA_BLUE_REAL_10PRO+_5G,Mar-26,Blue,INDIA,ACCGHTX7YV6FWGVJ,"Silicon, Cloth"
KPDA_BLUE_REAL_11PRO_11PRO_PLUS_5G,KPDA_BLUE_REAL_11PRO_11PRO_PLUS_5G,Mar-26,Blue,INDIA,ACCGRDQMZDEGFYCT,"Silicon, Cloth"
KPDA_BLUE_REAL_12X_5G,KPDA_BLUE_REAL_12X_5G,Mar-26,Blue,INDIA,ACCHFABFWXJJA29Z,"Silicon, Cloth"
KPDA_BLUE_REAL_14PRO_PLUS_5G,KPDA_BLUE_REAL_14PRO_PLUS_5G,Mar-26,Blue,INDIA,ACCH93DGQHWK3RBG,"Silicon, Cloth"
KPDA_BLUE_REAL_C65_5G,KPDA_BLUE_REAL_C65_5G,Mar-26,Blue,INDIA,ACCHFAC9ANWTWGH5,"Silicon, Cloth"
KPDA_BLUE_REAL_P1_5G,KPDA_BLUE_REAL_P1_5G,Mar-26,Blue,INDIA,ACCHFAF5963KYANB,"Silicon, Cloth"
KPDA_BLUE_REALME_10PRO_5G,KPDA_BLUE_REALME_10PRO_5G,Mar-26,Blue,INDIA,ACCGPCEHHUGYZHY5,"Silicon, Cloth"
KPDA_BLUE_REALME_10PRO_PLUS_5G,KPDA_BLUE_REALME_10PRO_PLUS_5G,Mar-26,Blue,INDIA,ACCGPCFTR6MJAKEG,"Silicon, Cloth"
KPDA_BLUE_REALME_C55,KPDA_BLUE_REALME_C55,Mar-26,Blue,INDIA,ACCGPCGHUGJQW82M,"Silicon, Cloth"
KPDA_BLUE_SAM_A12,KPDA_BLUE_SAM_A12,Mar-26,Blue,INDIA,ACCGHFCXYTCGAG9Z,"Silicon, Cloth"
KPDA_BLUE_SAM_A14_5G_741,KPDA_BLUE_SAM_A14_5G_741,Mar-26,Blue,INDIA,ACCGMHGEZXHZEFTZ,"Silicon, Cloth"
KPDA_BLUE_SAM_A33_5G_852,KPDA_BLUE_SAM_A33_5G_852,Mar-26,Blue,INDIA,ACCH2GD5PTUAXYZQ,"Silicon, Cloth"
KPDA_BLUE_SAM_A33_5G_SN,KPDA_BLUE_SAM_A33_5G_SN,Mar-26,Blue,INDIA,ACCGPCH5HQZ3SHAX,"Silicon, Cloth"
KPDA_BLUE_SAM_S23_5G,KPDA_BLUE_SAM_S23_5G,Mar-26,Blue,INDIA,ACCH7GHPCXRFRGQR,"Silicon, Cloth"
KPDA_BLUE_SAM_S23_5G_SN,KPDA_BLUE_SAM_S23_5G_SN,Mar-26,Blue,INDIA,ACCH7GHRT92XVZBX,"Silicon, Cloth"
KPDA_BLUE_VIV_T2X_5G,KPDA_BLUE_VIV_T2X_5G,Mar-26,Blue,INDIA,ACCGPWBUJZJEXVUF,"Silicon, Cloth"
KPDA_BLUE_VIV_V27_5G_852,KPDA_BLUE_VIV_V27_5G_852,Mar-26,Blue,INDIA,ACCGNPA88FFVHWDT,"Silicon, Cloth"
KPDA_BLUE_VIV_V29_V29PRO_5G,KPDA_BLUE_VIV_V29_V29PRO_5G,Mar-26,Blue,INDIA,ACCGVAZZJHQTYESH,"Silicon, Cloth"
KPDA_BLUE_VIV_V29E_5G,KPDA_BLUE_VIV_V29E_5G,Mar-26,Blue,INDIA,ACCGTG8Z49NHFM4U,"Silicon, Cloth"
KPDA_BLUE_VIV_V30E_5G_852,KPDA_BLUE_VIV_V30E_5G_852,Mar-26,Blue,INDIA,ACCHF8ZNHCKYGGNF,"Silicon, Cloth"
KPDA_BLUE_VIV_V30E_5G_SN,KPDA_BLUE_VIV_V30E_5G_SN,Mar-26,Blue,INDIA,ACCHF8ZEHUDMY49C,"Silicon, Cloth"
KPDA_BLUE_VIV_V40E_5G,KPDA_BLUE_VIV_V40e_5G,Mar-26,Blue,INDIA,ACCH7GM84WBJAWKF,"Silicon, Cloth"
KPDA_BLUE_VIV_V40E_5G_IQOO_Z9S_5G,KPDA_BLUE_VIV_V40e_5G_IQOO_Z9s_5G,Mar-26,Blue,INDIA,ACCH7GZGF5GCV9KZ,"Silicon, Cloth"
KPDA_BLUE_VIV_V40E_5G_SN,KPDA_BLUE_VIV_V40e_5G_SN,Mar-26,Blue,INDIA,ACCH7RM2CJUBYV28,"Silicon, Cloth"
KPDA_BLUE_VIV_V60_5G,KPDA_BLUE_VIV_V60_5G,Mar-26,Blue,INDIA,ACCHGAC652HGMMHB,"Silicon, Cloth"
KPDA_BLUE_VIV_Y19S_5G_SN,KPDA_BLUE_VIV_Y19s_5G_SN,Mar-26,Blue,INDIA,ACCHEFNVR9WAFZAP,"Silicon, Cloth"
KPDA_BLUE_VIV_Y200_PRO_5G,KPDA_BLUE_VIV_Y200_PRO_5G,Mar-26,Blue,INDIA,ACCH23YWYRTJQBT7,"Silicon, Cloth"
KPDA_BLUE_VIV_Y200E_5G,KPDA_BLUE_VIV_Y200e_5G,Mar-26,Blue,INDIA,ACCGZPYVGQSZKDBB,"Silicon, Cloth"
KPDA_BLUE_VIV_Y29_5G,KPDA_BLUE_VIV_Y29_5G,Mar-26,Blue,INDIA,ACCH8NYNM6BHQGCJ,"Silicon, Cloth"
KPDA_BLUE_VIV_Y300_5G,KPDA_BLUE_VIV_Y300_5G,Mar-26,Blue,INDIA,ACCH8NYZMMJV2HZH,"Silicon, Cloth"
KPDA_BLUE_VIV_Y400_PRO_5G,KPDA_BLUE_VIV_Y400_PRO_5G,Mar-26,Blue,INDIA,ACCHEFNGNHSWAUKF,"Silicon, Cloth"
KPDA_BLUE_VIV_Y56_5G,KPDA_BLUE_VIV_Y56_5G,Mar-26,Blue,INDIA,ACCGPWBP4VKHJZ2E,"Silicon, Cloth"
KPDA_BLUE_VIVO_V27_5G,KPDA_BLUE _V27_5G,Mar-26,Blue,INDIA,ACCGPCH6VAWF46V9,"Silicon, Cloth"
KPDA_GREEN_MI_NOTE_12_5G,KPDA_GREEN_MI_NOTE_12_5G,Mar-26,Green,INDIA,ACCGMMP8KN8ETKBK,"Silicon, Cloth"
KPDA_GREEN_OPP_RENO8_5G,KPDA_GREEN_OPP_RENO8_5G,Mar-26,Green,INDIA,ACCGHYEDCPYZ6VJW,"Silicon, Cloth"
KPDA_GREEN_SAM_M12,KPDA_GREEN_SAM_M12,Mar-26,Green,INDIA,ACCGG7DVUSAGWFCY,"Silicon, Cloth"
KPDA_GREEN_VIV_Y16_SN,KPDA_GREEN_VIV_Y16_SN,Mar-26,Green,INDIA,ACCGHTPGHFWSEHGP,"Silicon, Cloth"
MAGSF_BLK_IPHONE_11,MAGSF_Blk_IPHONE_11,Mar-26,Black,INDIA,ACCH4XHTYRGFVV9E,Thermoplastic Polyurethane
MAGSF_BLK_IPHONE_11_852,MAGSF_Blk_IPHONE_11_852,Mar-26,Black,INDIA,ACCH4XHXPGXGMZKH,Thermoplastic Polyurethane
MAGSF_BLK_IPHONE_12,MAGSF_Blk_IPHONE_12,Mar-26,Black,INDIA,ACCH4XGZGQEJC6FV,Thermoplastic Polyurethane
MAGSF_BLK_IPHONE_12MINI,MAGSF_Blk_IPHONE_12MINI,Mar-26,Black,INDIA,ACCH526KKHNNUVJX,Thermoplastic Polyurethane
MAGSF_BLK_IPHONE_12MINI_SN,MAGSF_Blk_IPHONE_12MINI_SN,Mar-26,Black,INDIA,ACCH526MK9RWRPNS,Thermoplastic Polyurethane
MAGSF_BLK_IPHONE_13PRO_SN,MAGSF_Blk_IPHONE_13PRO_SN,Mar-26,Black,INDIA,ACCH555PRHNU9BRB,Thermoplastic Polyurethane
MAGSF_BLK_IPHONE_15,MAGSF_Blk_IPHONE_15,Mar-26,Black,INDIA,ACCH56AYNPFGJ99V,Thermoplastic Polyurethane
MAGSF_BLK_IPHONE_15_852,MAGSF_Blk_IPHONE_15_852,Mar-26,Black,INDIA,ACCH56AZQCUKVZJH,Thermoplastic Polyurethane
MAGSF_BLK_IPHONE_15PRO_MAX_852,MAGSF_Blk_IPHONE_15PRO_MAX_852,Mar-26,Black,INDIA,ACCH56CA45CQFXVU,Thermoplastic Polyurethane
MAGSF_BLK_IPHONE_16,MAGSF_Blk_IPHONE_16,Mar-26,Black,INDIA,ACCH5FYXBVYMP64N,Thermoplastic Polyurethane
MAGSF_BLK_IPHONE_16PRO,MAGSF_Blk_IPHONE_16PRO,Mar-26,Black,INDIA,ACCH5258ZFNNGYTU,Thermoplastic Polyurethane
MAGSF_BLK_IPHONE_16PRO_MAX,MAGSF_Blk_IPHONE_16PRO_MAX,Mar-26,Black,INDIA,ACCH525VZFCFZGHJ,Thermoplastic Polyurethane
MAGSF_BLK_IPHONE_16PRO_MAX_SN,MAGSF_Blk_IPHONE_16PRO_MAX_SN,Mar-26,Black,INDIA,ACCH5266RX7ZNJNU,Thermoplastic Polyurethane
MAGSF_BLK_IPHONE_X,MAGSF_Blk_IPHONE_X,Mar-26,Black,INDIA,ACCH56CMWYYXGWBK,Thermoplastic Polyurethane
MAGSF_BLK_IPHONE_X_XS,MAGSF_Blk_IPHONE_X_XS,Mar-26,Black,INDIA,ACCH56DJCUBHXWGC,Thermoplastic Polyurethane
MAGSF_BLK_IPHONE_XR_852,MAGSF_Blk_IPHONE_XR_852,Mar-26,Black,INDIA,ACCH56E6HTU4EBBP,Thermoplastic Polyurethane
MAGSF_BLK_SAM_S24_5G_852,MAGSF_Blk_SAM_S24_5G_852,Mar-26,Black,INDIA,ACCH56FEVMHVHYT9,Thermoplastic Polyurethane
MAGSF_BLK_SAM_S24_ULTRA,MAGSF_Blk_SAM_S24_ULTRA,Mar-26,Black,INDIA,ACCH56GA8EFF3BGK,Thermoplastic Polyurethane
MEGSEF_TRANS_IPHONE_11PRO_MAX,MEGSEF_TRANS_IPHONE_11PRO_MAX,Mar-26,Transparent,INDIA,ACCH4NA6ZGQZFEZ3,Thermoplastic Polyurethane
MEGSEF_TRANS_IPHONE_12_MINI,MEGSEF_TRANS_IPHONE_12_MINI,Mar-26,Transparent,INDIA,ACCH4NEJYADCBP3G,Thermoplastic Polyurethane
MEGSEF_TRANS_IPHONE_12PRO_MAX,MEGSEF_TRANS_IPHONE_12PRO_MAX,Mar-26,Transparent,INDIA,ACCH4NF4CUQJEMFG,Thermoplastic Polyurethane
MEGSEF_TRANS_IPHONE_13_MINI,MEGSEF_TRANS_IPHONE_13_MINI,Mar-26,Transparent,INDIA,ACCH4VGQAEDYGQF4,Thermoplastic Polyurethane
MEGSEF_TRANS_IPHONE_13_MINI_852,MEGSEF_TRANS_IPHONE_13_MINI_852,Mar-26,Transparent,INDIA,ACCH4WBKKFZVZCHF,Thermoplastic Polyurethane
MEGSEF_TRANS_IPHONE_13PRO,MEGSEF_TRANS_IPHONE_13PRO,Mar-26,Transparent,INDIA,ACCH4WBNFDYZRSMZ,Thermoplastic Polyurethane
MEGSEF_TRANS_IPHONE_13PRO_852,MEGSEF_TRANS_IPHONE_13PRO_852,Mar-26,Transparent,INDIA,ACCH4WBRCMH6VHTH,Thermoplastic Polyurethane
MEGSEF_TRANS_IPHONE_13PRO_MAX,MEGSEF_TRANS_IPHONE_13PRO_MAX,Mar-26,Transparent,INDIA,ACCH4WBTADQXGE8U,Thermoplastic Polyurethane
MEGSEF_TRANS_IPHONE_15PRO,MEGSEF_TRANS_IPHONE_15PRO,Mar-26,Transparent,INDIA,ACCH4PQF3WYGFZZF,Thermoplastic Polyurethane
MEGSEF_TRANS_IPHONE_16_852,MEGSEF_TRANS_IPHONE_16_852,Mar-26,Transparent,INDIA,ACCH5FUWBUMVRGZA,Thermoplastic Polyurethane
MEGSEF_TRANS_IPHONE_16PRO,MEGSEF_TRANS_IPHONE_16PRO,Mar-26,Transparent,INDIA,ACCH5FVNG6QBQXR2,Thermoplastic Polyurethane
MEGSEF_TRANS_IPHONE_16PRO_MAX,MEGSEF_TRANS_IPHONE_16PRO_MAX,Mar-26,Transparent,INDIA,ACCH5FX5RQYZGYK6,Thermoplastic Polyurethane
PUF_BLK_INFNX_HOT_30I_SN,PUF_BLK_INFNX_HOT_30i_SN,Mar-26,Black,INDIA,ACCGWVE5GJXGEKSQ,Rubber
PUF_BLK_IPHONE_13,PUF_BLK_IPHONE_13,Mar-26,Black,INDIA,ACCGW6XBVWANGRQK,Rubber
PUF_BLK_MI_9POWER,PUF_BLK_MI_9POWER,Mar-26,Black,INDIA,ACCHY3FVAHZGMTBD,Rubber
PUF_BLK_MI_NOTE_13PRO_PLUS_5G,PUF_BLK_MI_NOTE_13PRO_PLUS_5G,Mar-26,Black,INDIA,ACCHYYWJH5F9UYBP,Rubber
PUF_BLK_MI_NOTE_13PRO_PLUS_5G_SN,PUF_BLK_MI_NOTE_13PRO_PLUS_5G_SN,Mar-26,Black,INDIA,ACCHYYWKYH2CG9ZP,Rubber
PUF_BLK_MI_NOTE_9PRO_MAX,PUF_BLK_MI_NOTE_9PRO_MAX,Mar-26,Black,INDIA,ACCGWDQGJYRFQDNP,Rubber
PUF_BLK_MI_REDMI_A2,PUF_BLK_MI_RMI_2,Mar-26,Black,INDIA,ACCGXF6RZKMMCBRP,Rubber
PUF_BLK_ONE_PLUS_10R_5G,PUF_BLK_ONE_PLUS_10R_5G,Mar-26,Black,INDIA,ACCGWVHJZCZJX5VX,Rubber
PUF_BLK_ONE_PLUS_NORD_2_5G,PUF_BLK_ONE_PLUS_NORD_2_5G,Mar-26,Black,INDIA,ACCGYFP3CFRZNCVE,Rubber
PUF_BLK_ONE_PLUS_NORD_2T_5G,PUF_BLK_ONE_PLUS_NORD_2T_5G,Mar-26,Black,INDIA,ACCHYYWQHBXCGVG9,Rubber
PUF_BLK_ONE_PLUS_NORD_2T_5G_SN,PUF_BLK_ONE_PLUS_NORD_2T_5G_SN,Mar-26,Black,INDIA,ACCHYYWUZWU7HHYQ,Rubber
PUF_BLK_ONE_PLUS_NORD_CE3LITE_5G,PUF_BLK_ONE_PLUS_NORD_CE3LITE_5G,Mar-26,Black,INDIA,ACCGW3ZYSA3ZZFXN,Rubber
PUF_BLK_OPP_A78_5G_SN,PUF_BLK_OPP_A78_5G_SN,Mar-26,Black,INDIA,ACCH3GB4KKHWTVBB,Rubber
PUF_BLK_OPP_F23_5G,PUF_BLK_OPP_F23_5G,Mar-26,Black,INDIA,ACCGYG9YDGZH4BFZ,Rubber
PUF_BLK_OPP_F23_5G_SN,PUF_BLK_OPP_F23_5G_SN,Mar-26,Black,INDIA,ACCGYG9FSD5ESHZR,Rubber
PUF_BLK_OPP_RENO_10_5G,PUF_BLK_OPP_RENO_10_5G,Mar-26,Black,INDIA,ACCGWBGKXG5KS3HS,Rubber
PUF_BLK_OPP_RENO_10PRO_5G,PUF_BLK_OPP_RENO_10PRO_5G,Mar-26,Black,INDIA,ACCGWBGZQT9EEFHY,Rubber
PUF_BLK_POC_M6PRO_5G,PUF_BLK_POC_M6PRO_5G,Mar-26,Black,INDIA,ACCGW3GNDWHGEXGQ,Rubber
PUF_BLK_REA_C55,PUF_BLK_REA_C55,Mar-26,Black,INDIA,ACCGWERJGNSVFPFX,Rubber
PUF_BLK_REA_C55_NRZO_N55,PUF_BLK_REA_C55_NRZO_N55,Mar-26,Black,INDIA,ACCGWERX4TKSYZGV,Rubber
PUF_BLK_REAL_C51,EAL_C51,Mar-26,Black,INDIA,ACCGWZFAFD63Z4BV,Rubber
PUF_BLK_REAL_C53,PUF_BLK_REAL_C53,Mar-26,Black,INDIA,ACCGW6UWVCX5SFGH,Rubber
PUF_BLK_REAL_C67_5G,PUF_BLK_REAL_C67_5G,Mar-26,Black,INDIA,ACCGYGBRG3YWWJMN,Rubber
PUF_BLK_REAL_P1_5G,PUF_BLK_REAL_P1_5G,Mar-26,Black,INDIA,ACCH26NHYW4KGVHF,Rubber
PUF_BLK_SAM_A12_M12_F12,PUF_BLK_SAM_A12_M12_F12,Mar-26,Black,INDIA,ACCHY32HHE2YDHEM,Rubber
PUF_BLK_SAM_A12_M12_F12_SN,PUF_BLK_SAM_A12_M12_F12_SN,Mar-26,Black,INDIA,ACCHY32M5VFXQEFF,Rubber
PUF_BLK_SAM_A13_4G,PUF_BLK_SAM_A13_4G,Mar-26,Black,INDIA,ACCHY32SVRYGWZPQ,Rubber
PUF_BLK_SAM_A14_5G,PUF_BLK_SAM_A14_5G,Mar-26,Black,INDIA,ACCGW3R424HQ4CKA,Rubber
PUF_BLK_SAM_A23_5G_SN,PUF_BLK_SAM_A23_5G_SN,Mar-26,Black,INDIA,ACCHY34BY5Z4RAEX,Rubber
PUF_BLK_VIV_V27PRO_5G,PUF_BLK_VIV_V27PRO_5G,Mar-26,Black,INDIA,ACCGW4RABATSXETR,Rubber
PUF_BLK_VIV_Y21_Y21T_Y33S,PUF_BLK_VIV_Y21_Y21T_Y33s,Mar-26,Black,INDIA,ACCGWDSZHKXQNKUK,Rubber
PUF_BLK_VIV_Y27_SN,PUF_BLK_VIV_Y27_SN,Mar-26,Black,INDIA,ACCGW3RMJCGAERQX,Rubber
PUF_BLK_VIV_Y33S,PUF_BLK_VIV_Y33s,Mar-26,Black,INDIA,ACCGWDSXTF5WYWF3,Rubber
PUF_BLK_VIV_Y51_Y51A_Y53S_Y31_SN,PUF_BLK_VIV_Y51_Y51A_Y53s_Y31_SN,Mar-26,Black,INDIA,ACCGY63WPYHHFJYT,Rubber
PUF_BLUE_REAL_C65_5G,PUF_BLUE_REAL_C65_5G,Mar-26,Blue,INDIA,ACCH2AU4HVGDENBG,Rubber
S.N7522_KPDA_BLK_VIV_V23_5G,S.N7522_KPDA_BLK_VIV_V23_5G,Mar-26,Black,INDIA,ACCGEMV2A58JSX9D,"Silicon, Cloth"
SASA11_EAGL_BLAK_INFNX_NOTE_12PRO_5G_1010112,SASA11_EAGL_BLAK_INFNX_NOTE_12PRO_5G_1010112,Mar-26,"Black, Transparent",INDIA,ACCGGZS8HVSAAR7V,"Plastic, Rubber, Fiber"
SMOK_MGSFE_BLK_IQOO_NEO_10R_5G_SN,SMOK_MGSFE_BLK_IQOO_NEO_10R_5G_SN,Mar-26,Black,INDIA,ACCHK7ZPQNZHYUEM,"Plastic, Rubber, Fiber"
SMOK_MGSFE_BLK_MOTO_EDGE_50_FUSION_5G_852,SMOK_MGSFE_BLK_MOTO_EDGE_50_FUSION_5G_852,Mar-26,Black,INDIA,ACCHGBVJERGU2ZVA,"Plastic, Rubber, Fiber"
SMOK_MGSFE_BLK_MOTO_G85_5G_EDGE_50_FUSION_5G_1010,SMOK_MGSFE_BLK_MOTO_G85_5G_EDGE_50_FUSION_5G_1010,Mar-26,Black,INDIA,ACCHK4Y9HTZNHQ7U,"Plastic, Rubber, Fiber"
SMOK_MGSFE_BLK_REAL_15T_5G_852,SMOK_MGSFE_BLK_REAL_15T_5G_852,Mar-26,Black,INDIA,ACCHGGBJA3PAZECQ,"Plastic, Rubber, Fiber"
SMOK_MGSFE_BLK_REAL_P4_PRO_5G,SMOK_MGSFE_BLK_REAL_P4_PRO_5G,Mar-26,Black,INDIA,ACCHGWR9FNPEUAGY,"Plastic, Rubber, Fiber"
SMOK_MGSFE_BLK_REAL_P4_PRO_5G_852,SMOK_MGSFE_BLK_REAL_P4_PRO_5G_852,Mar-26,Black,INDIA,ACCHGWRCG85C8PGF,"Plastic, Rubber, Fiber"
SMOK_MGSFE_BLK_REAL_P4_PRO_5G_SN,SMOK_MGSFE_BLK_REAL_P4_PRO_5G_SN,Mar-26,Black,INDIA,ACCHGWRERBX2GKFG,"Plastic, Rubber, Fiber"
SMOK_MGSFE_BLK_VIV_Y19_Y19S_5G,SMOK_MGSFE_BLK_VIV_Y19_Y19s_5G,Mar-26,Black,INDIA,ACCHJHUCQX6HBYCT,"Plastic, Rubber, Fiber"
SMOK_MGSFE_BLK_VIV_Y19_Y19S_5G_852,SMOK_MGSFE_BLK_VIV_Y19_Y19s_5G_852,Mar-26,Black,INDIA,ACCHJHUEFTAKWYUW,"Plastic, Rubber, Fiber"
SN_KPDA_BLK_VIV_Y75_4G,SN_KPDA_BLK_VIV_Y75_4G,Mar-26,Black,INDIA,ACCGGSZMBZXFAD2Z,"Silicon, Cloth"
SN_KPDA_GREEN_REAL_10PRO_5G_SN,SN_KPDA_GREEN_REAL_10PRO_5G_SN,Mar-26,Green,INDIA,ACCGHSNGXGPARD6X,Rubber
SN_KPDA_GREEN_VIV_V25_5G_SN,SN_KPDA_GREEN_VIV_V25_5G_SN,Mar-26,Green,INDIA,ACCGHTZBUTS6AZUF,Rubber
CRYSTAL_MAGSF_WHITE_OPP_RENO_14_PRO_5G_852,CRYSTAL_MAGSF_WHITE_OPP_RENO_14_PRO_5G_852,Jul-26,Transparent,INDIA,ACCHFPBJSDWZFKYY,Plastic
BUMP_T_PRINT_MAGSF_OPP_RENO_15c_5G,BUMP_T_PRINT_MAGSF_OPP_RENO_15c_5G,Jul-26,Transparent,INDIA,ACCHH4WSK9GZGWFD,Thermoplastic Polyurethane
BUMP_T_PRINT_MAGSF_REAL_16_PRO_5G_852,BUMP_T_PRINT_MAGSF_REAL_16_PRO_5G_852,Jul-26,Transparent,INDIA,ACCHHFEPH5ZGW2TF,Thermoplastic Polyurethane
BUMP_T_PRINT_MAGSF_NOTHING_PHONE_4a_5G_654,BUMP_T_PRINT_MAGSF_NOTHING_PHONE_4a_5G_654,Jul-26,Transparent,INDIA,ACCHM6GWXJJMWMNB,Thermoplastic Polyurethane
BUMP_T_PRINT_MAGSF_ONE_PLUS_NORD_2_5G,BUMP_T_PRINT_MAGSF_ONE_PLUS_NORD_2_5G,Jul-26,Transparent,INDIA,ACCHH4PPHGCV2RBP,Thermoplastic Polyurethane
BUMP_T_PRINT_MAGSF_OPP_RENO_15c_5G_SN,BUMP_T_PRINT_MAGSF_OPP_RENO_15c_5G_SN,Jul-26,Transparent,INDIA,ACCHH4XDJP3YZ6F9,Thermoplastic Polyurethane
KPDA_BLACK_REAL_10PRO+_5G,KPDA_BLACK_REAL_10PRO+_5G,Jul-26,Black,INDIA,ACCGMFWKWEX4HNGR,"Silicon, Cloth"
KPDA_BLUE_OPP_F21sPRO_5G,KPDA_BLUE_OPP_F21sPRO_5G,Jul-26,Blue,INDIA,ACCGPCDWHMGWVS2P,"Silicon, Cloth"
MEGSEF_TRANS_IPHONE_15PLUS_852,MEGSEF_TRANS_IPHONE_15PLUS_852,Jul-26,Transparent,INDIA,ACCH4WEAHZMSAWRH,Thermoplastic Polyurethane
MAGSF_Blk_IPHONE_16PLUS_SN,MAGSF_Blk_IPHONE_16PLUS_SN,Jul-26,Black,INDIA,ACCH5FZQNWGYDWWU,Thermoplastic Polyurethane
KAPDA_BLACK_VIV_Y200_PRO_5G_852,KAPDA_BLACK_VIV_Y200_PRO_5G_852,Jul-26,Black,INDIA,ACCHDP87HQZBPTXZ,"Silicon, Cloth"
SMOK_MGSFE_BLK_NOTHING_PHONE_3A_SN,SMOK_MGSFE_BLK_NOTHING_PHONE_3A_SN,Jul-26,Black,INDIA,ACCHGG7QGQFATBUZ,"Plastic, Rubber, Fiber"
